Name,College,PPRPPG,logPPRPPG,Position,DraftSpot,top20,Age,Birthdate,HT,WT,40,VERT,Bench,Broad,3Cone,Shuttle,SpeedScore,BMI,Season1,Season2,Season3,Season4,Season5,YPC1,YPC2,YPC3,YPC4,YPC5,BestYPC,CAR1,CAR2,CAR3,CAR4,CAR5,BestCAR,RCMS1,RCMS2,RCMS3,RCMS4,RCMS5,BestRCMS,RTDMS1,RTDMS2,RTDMS3,RTDMS4,RTDMS5,BestRTDMS,RY1,RY2,RY3,RY4,RY5,RYMS1,RYMS2,RYMS3,RYMS4,RYMS5,BestRYMS,Breakout Age,YPrec1,YPrec2,YPrec3,YPrec4,YPrec5,BestYPrec,RecYDMS1,RecYDMS2,RecYDMS3,RecYDMS4,RecYDMS5,BestRecYDMS,RecTDMS1,RecTDMS2,RecTDMS3,RecTDMS4,RecTDMS5,BestRecTDMS,DOM1,DOM2,DOM3,DOM4,DOM5,BestDOM,BKRY,BKRN,BPRY,BPRN,BKMS,"BPMS
",,,,,,,,
Christian McCaffrey,Stanford,22.56875,1.353507506,RB,8,1,21.23561642,1996.430137,71,202,4.48,37.5,10,121,6.57,4.22,100.2926967,28.17020432,0,2006,2006,2006,2006,7,6,6,0,0,7,42,337,253,0,0,337,0.08974359,0.562604341,0.48374761,0,0,0.562604341,0,0.242424242,0.65,0,0,0.65,300,2019,1603,0,0,0.141709967,0.637109498,0.583758194,0,0,0.637109498,19.23561642,14,14,8,0,0,14,0.091706248,0.278017241,0.177548683,0,0,0.278017241,0.111111111,0.2,0.25,0,0,0.25,0.130136986,0.420321868,0.348324836,0,0,0.420321868,1070,37,154,2.642857143,5,,,,,,,,,
Saquon Barkley,Penn State,21.65172414,1.335492485,RB,2,1,21.55890442,1997.106849,73,233,4.4,41,29,NA,NA,4.24,124.329793,30.73728655,0,2006,2006,2006,2006,5,5,5,0,0,5,182,272,217,0,0,272,0.440677966,0.503703704,0.481152993,0,0,0.503703704,0.466666667,0.529411765,0.5,0,0,0.529411765,1076,1496,1271,0,0,0.575093533,0.593886463,0.56690455,0,0,0.593886463,18.55890442,8,14,11,0,0,14,0.061286639,0.123768473,0.201273885,0,0,0.201273885,0.052631579,0.16,0.103448276,0,0,0.16,0.330571887,0.3767368,0.424397859,0,0,0.424397859,426,15,0,0.9375,0,,,,,,,,,
Ezekiel Elliott,Ohio State,21.4425,1.331275419,RB,4,1,21.11232842,1995.553425,73,225,4.47,32.5,NA,118,NA,NA,112.7151832,29.68192907,0,2006,2006,2006,2006,8,6,6,0,0,8,30,273,289,0,0,289,0.048154093,0.403249631,0.522603978,0,0,0.522603978,0.044444444,0.43902439,0.58974359,0,0,0.58974359,262,1878,1821,0,0,0.060229885,0.466815809,0.562557924,0,0,0.562557924,19.11232842,7,7,7,0,0,7,0.008147361,0.063091483,0.091596265,0,0,0.091596265,0.027027027,0,0,0,0,0.027027027,0.032758621,0.260750684,0.313098548,0,0,0.313098548,16,1,13,0.026315789,0.071428571,,,,,,,,,
Alvin Kamara,Tennessee,20.20266667,1.305408698,RB,67,1,22.10410942,1995.561644,70,214,4.56,39.5,15,131,7.1,4.35,98.98842137,30.70244898,0,2006,2006,2006,2006,6,5,0,0,0,6,107,103,0,0,0,107,0.096657633,0.110278373,0,0,0,0.110278373,0.127272727,0.157894737,0,0,0,0.157894737,698,596,0,0,0,0.142857143,0.112793338,0,0,0,0.142857143,0,8,9,0,0,0,9,0.045877345,0.056402878,0,0,0,0.056402878,0.066666667,0.063492063,0,0,0,0.066666667,0.101207532,0.09348978,0,0,0,0.101207532,16,1,184,0.014084507,0.527777778,,,,,,,,,
Le'Veon Bell,Michigan State,19.96,1.300160537,RB,48,1,21.53424642,1992.131507,73,230,4.6,31.5,24,118,6.75,4.24,102.7369113,30.34152749,0,2006,2006,2006,2006,5,5,4,0,0,5,107,182,382,0,0,382,0.248837209,0.379166667,0.78600823,0,0,0.78600823,0.32,0.619047619,0.923076923,0,0,0.923076923,605,948,1793,0,0,0.276887872,0.4749499,0.870811073,0,0,0.870811073,19.53424642,8,7,5,0,0,8,0.032594086,0.081701346,0.06518345,0,0,0.081701346,0,0,0.076923077,0,0,0.076923077,0.160640732,0.304358717,0.475959203,0,0,0.475959203,142,6,18,0.136363636,0.130434783,,,,,,,,,
Todd Gurley,Georgia,17.95227273,1.254119437,RB,10,1,21.07945242,1994.586301,73,222,4.52,NA,17,NA,NA,NA,106.3724668,29.28617001,0,2006,2006,2006,2006,6,6,7,0,0,7,222,165,123,0,0,222,0.168949772,0.107212476,0.051942568,0,0,0.168949772,0.2125,0.12345679,0.058823529,0,0,0.2125,1385,989,911,0,0,0.196956769,0.132662643,0.0651552,0,0,0.196956769,0,7,11,4,0,0,11,0.020555165,0.052656716,0.00628584,0,0,0.052656716,0,0.109090909,0,0,0,0.109090909,0.106797497,0.095908786,0.034615935,0,0,0.106797497,243,7,0,0.101449275,0,,,,,,,,,
Kareem Hunt,Toledo,17.90857143,1.253060943,RB,86,1,22.07123242,1995.594521,70,216,4.62,36.5,18,119,7.22,4.53,94.82347013,30.98938776,0,2006,2006,2006,2006,6,8,5,5,0,8,137,205,178,262,0,262,0.289640592,0.362831858,0.373165618,0.51171875,0,0.51171875,0.230769231,0.457142857,0.461538462,0.588235294,0,0.588235294,866,1631,973,1475,0,0.298826777,0.481973995,0.371799771,0.566436252,0,0.566436252,19.07123242,5,4,4,9,0,9,0.028180688,0.012939615,0.015045135,0.106248352,0,0.106248352,0,0,0,0.022222222,0,0.022222222,0.161145618,0.246749409,0.194497516,0.360599078,0,0.360599078,0,0,0,0,0,,,,,,,,,
Dalvin Cook,Florida State,17.57931034,1.245001833,RB,41,1,22.06027442,1995.605479,70,210,4.49,30.5,22,116,7.27,4.53,103.3389219,30.12857143,0,2006,2006,2006,2006,5,7,6,0,0,7,170,229,288,0,0,288,0.387243736,0.549160671,0.555984556,0,0,0.555984556,0.296296296,0.703703704,0.575757576,0,0,0.703703704,1008,1691,1765,0,0,0.502492522,0.729823047,0.662537538,0,0,0.729823047,19.06027442,9,10,14,0,0,14,0.052077989,0.079118029,0.165704584,0,0,0.165704584,0,0.047619048,0.045454545,0,0,0.047619048,0.301844467,0.417565818,0.42286036,0,0,0.42286036,0,0,0,0,0,,,,,,,,,
Melvin Gordon,Wisconsin,15.04651163,1.177435825,RB,15,1,22.38630142,1993.279452,73,215,4.52,35,19,126,7.04,4.07,103.01838,28.36273222,0,2006,2006,2006,2006,4,10,7,7,0,10,20,62,206,343,0,343,0.033444816,0.099838969,0.375912409,0.54015748,0,0.54015748,0.020833333,0.078947368,0.342857143,0.630434783,0,0.630434783,98,621,1609,2587,0,0.029376499,0.178550891,0.428153273,0.565835521,0,0.565835521,20.38630142,32,10,8,0,0,32,0.030487805,0.003918495,0.079110651,0,0,0.079110651,0.071428571,0,0.25,0,0,0.25,0.098619896,0.215407131,0.299650044,0,0,0.299650044,151,7,0,0.4375,0,,,,,,,,,
DeMarco Murray,Oklahoma,14.8783784,1.1725556,RB,71,1,23.7,1988.1,73,213,4.37,34.5,21,124,7.28,4.18,116.811029,28.0988929,2007,2008,2009,2010,2011,6,5,4,4,0,6,127,179,171,282,0,282,0.11150132,0.15471046,0.16797642,0.28228228,0,0.28228228,0.203125,0.1686747,0.2,0.30612245,0,0.30612245,764,1002,705,1214,0,0.12763114,0.16480263,0.16040956,0.2683466,0,0.2683466,0,4,12,12,8,0,12,0.00904977,0.051661,0.09369952,0.0698988,0,0.09369952,0,0.05555556,0.09090909,0.07246377,0,0.09090909,0.00501169,0.03248355,0.05938567,0.06564987,0,0.06564987,249,10,0,0.11363636,0,,,,,,,,,
Devonta Freeman,Florida State,14.63404255,1.165364313,RB,103,1,22.46575342,1992.2,68,206,4.58,31.5,NA,118,7.11,4.26,93.63437242,31.31877163,0,2006,2006,2006,2006,4,5,5,0,0,5,120,111,173,0,0,173,0.277136259,0.220238095,0.346,0,0,0.346,0.4,0.2,0.333333333,0,0,0.4,579,660,1016,0,0,0.384462151,0.227038184,0.350707629,0,0,0.384462151,19.46575342,7,8,12,0,0,12,0.034365325,0.023737234,0.067068758,0,0,0.067068758,0,0,0.024390244,0,0,0.024390244,0.229083665,0.128310974,0.223334484,0,0,0.229083665,0,0,0,0,0,,,,,,,,,
Chris Carson,Oklahoma State,14.35454545,1.156989445,RB,249,1,22.95616442,1994.709589,73,218,4.58,37,23,130,7.53,4.28,99.08880189,28.75849127,0,2006,2006,2006,2006,3,6,0,0,0,6,131,82,0,0,0,131,0.291111111,0.166666667,0,0,0,0.291111111,0.16,0.28125,0,0,0,0.28125,517,559,0,0,0,0.302870533,0.247126437,0,0,0,0.302870533,20.95616442,10,9,0,0,0,10,0.038452839,0.03125,0,0,0,0.038452839,0,0.035714286,0,0,0,0.035714286,0.201230228,0.151856764,0,0,0,0.201230228,0,0,0,0,0,,,,,,,,,
Eddie Lacy,Alabama,14.25434783,1.153947352,RB,61,1,23.24931542,1990.416438,71,231,4.55,33.5,NA,NA,7.33,NA,107.794447,32.21444158,0,2006,2006,2006,2006,7,7,6,0,0,7,56,95,204,0,0,204,0.121212121,0.190763052,0.194285714,0,0,0.194285714,0.2,0.205882353,0.361702128,0,0,0.361702128,406,674,1322,0,0,0.168534662,0.236823612,0.274615704,0,0,0.274615704,0,9,11,8,0,0,11,0.005330175,0.049137284,0.03379224,0,0,0.049137284,0,0,0.044444444,0,0,0.044444444,0.088003321,0.141426564,0.156938097,0,0,0.156938097,0,0,0,0,0,,,,,,,,,
Aaron Jones,UTEP,14.155,1.150909874,RB,182,1,22.4,1994.9,69.13,208,4.56,37.5,16,127,6.82,NA,96.21304507,31.34,2007,2007,2008,2008,2009,5,5,6,7,0,7,155,242,32,229,0,242,0.29135338,0.42907801,0.07322654,0.5599022,0,0.5599022,0.23529412,0.40740741,0.125,0.85,0,0.85,811,1321,209,1773,0,0.36449438,0.47949183,0.11585366,0.7762697,0,0.7762697,0,3,9,11,8,0,11,0.00719794,0.18722045,0.04730031,0.1182141,0,0.18722045,0,0.33333333,0.05882353,0.16666667,0,0.33333333,0.00314607,0.05317604,0.02937916,0.05100701,0,0.05317604,0,0,0,0,0,,,,,,,,,
Nick Chubb,Georgia,14.053125,1.147772909,RB,35,1,22.67945242,1995.986301,71,227,4.52,38.5,29,128,7.09,4.25,108.7682431,31.65661575,0,2006,2006,2006,2006,7,8,5,6,0,8,219,92,224,223,0,224,0.092483108,0.046,0.111720698,0.093501048,0,0.111720698,0.091503268,0.064814815,0.102564103,0.145631068,0,0.145631068,1547,747,1130,1345,0,0.110642254,0.067983254,0.118709949,0.117119471,0,0.118709949,0,11,8,17,7,0,17,0.023900359,0.003550033,0.00965316,0.003695492,0,0.023900359,0.028169014,0.016949153,0.018518519,0,0,0.028169014,0.062938063,0.035447761,0.063872255,0.0598659,0,0.063872255,0,0,0,0,0,,,,,,,,,
Doug Martin,Boise State,13.95757576,1.144809994,RB,31,1,23.63287642,1989.032877,69,223,4.46,36,28,120,6.79,4.16,112.7185579,32.92774627,0,2006,2006,2006,2006,4,5,6,4,0,6,24,129,201,263,0,263,0.055045872,0.262729124,0.424050633,0.542268041,0,0.542268041,0,0.5,0.352941176,0.516129032,0,0.516129032,107,765,1260,1299,0,0.052220595,0.286302395,0.473684211,0.560155239,0,0.560155239,21.63287642,18,8,12,9,0,18,0.014606438,0.018717314,0.088112617,0.067693125,0,0.088112617,0,0,0.055555556,0.046511628,0,0.055555556,0.039287457,0.155875749,0.30037594,0.335058215,0,0.335058215,338,10,0,0.476190476,0,,,,,,,,,
Joe Mixon,Oklahoma,13.86590909,1.141948348,RB,48,1,21.10684942,1996.558904,73,226,4.45,35,NA,118,7.1,4.27,115.2652485,30.75,0,2006,2006,2006,2006,6,6,0,0,0,6,113,187,0,0,0,187,0.111549852,0.175586854,0,0,0,0.175586854,0.122807018,0.161290323,0,0,0,0.161290323,753,1274,0,0,0,0.162564767,0.237686567,0,0,0,0.237686567,0,12,14,0,0,0,14,0.043198641,0.068718866,0,0,0,0.068718866,0.057971014,0.074626866,0,0,0,0.074626866,0.119710708,0.169029851,0,0,0,0.169029851,494,21,25,0.5,0.181818182,,,,,,,,,
Giovani Bernard,North Carolina,13.15555556,1.119109193,RB,37,1,21.77534242,1991.890411,68,202,4.53,33.5,19,122,6.91,4.12,95.93753532,30.71064014,0,2006,2006,2006,2006,5,6,0,0,0,6,239,184,0,0,0,239,0.544419134,0.407982262,0,0,0,0.544419134,0.590909091,0.428571429,0,0,0,0.590909091,1253,1228,0,0,0,0.660864979,0.518362178,0,0,0,0.660864979,19.77534242,8,10,0,0,0,10,0.122628726,0.162682603,0,0,0,0.162682603,0.04,0.208333333,0,0,0,0.208333333,0.425896624,0.362600253,0,0,0,0.425896624,0,0,263,0,0.842105263,,,,,,,,,
Jordan Howard,Indiana,12.97446809,1.113089562,RB,150,1,21.83013742,1994.835616,73,230,4.57,34,16,122,7.14,4.34,105.4612784,30.34152749,0,2006,2006,2006,2006,6,0,0,0,0,6,196,0,0,0,0,196,0.339688042,0,0,0,0,0.339688042,0.333333333,0,0,0,0,0.333333333,1213,0,0,0,0,0.431058991,0,0,0,0,0.431058991,20.83013742,9,0,0,0,0,9,0.028540657,0,0,0,0,0.028540657,0.038461538,0,0,0,0,0.038461538,0.234363895,0,0,0,0,0.234363895,0,0,0,0,0,,,,,,,,,
Alfred Morris,Florida Atlantic,12.87916667,1.109887763,RB,173,1,23.72054842,1988.945205,70,219,4.63,35.5,16,117,7.01,4.19,95.31256264,31.41979592,0,2006,2006,2006,2006,3,5,4,5,0,5,7,263,227,214,0,263,0.017326733,0.620283019,0.585051546,0.606232295,0,0.620283019,0,0.647058824,0.875,0.9,0,0.9,23,1392,928,1114,0,0.011782787,0.737678855,0.664280601,0.817914831,0,0.817914831,20.72054842,16,5,9,0,0,16,0.035163479,0.019160212,0.088372093,0,0,0.088372093,0.083333333,0.0625,0.142857143,0,0,0.142857143,0.399046105,0.348962062,0.457782673,0,0,0.457782673,9,1,0,0.018181818,0,,,,,,,,,
Kerryon Johnson,Auburn,12.46666667,1.095750348,RB,43,0,21.17260242,1997.493151,71,213,4.56,40,11,126,7.07,4.29,98.52585866,29.70422535,0,2006,2006,2006,2006,4,4,4,0,0,4,52,182,285,0,0,285,0.089810017,0.282170543,0.443925234,0,0,0.443925234,0.107142857,0.333333333,0.529411765,0,0,0.529411765,208,895,1391,0,0,0.079938509,0.251616531,0.453242098,0,0,0.453242098,20.17260242,11,7,8,0,0,11,0.075678248,0.060067275,0.063130491,0,0,0.075678248,0,0,0.105263158,0,0,0.105263158,0.070522675,0.143379252,0.258227436,0,0,0.258227436,386,14,0,1.090909091,0,,,,,,,,,
Jeremy Hill,LSU,11.8191489,1.072586204,RB,55,1,21.1,1992.8,73,233,4.56,29,20,113,7.64,4.59,107.777113,30.7372865,2007,2007,2008,2008,2009,5,6,0,0,0,6,142,203,0,0,0,203,0.27307692,0.40277778,0,0,0,0.40277778,0.4137931,0.43243243,0,0,0,0.43243243,755,1401,0,0,0,0.30406766,0.50053591,0,0,0,0.50053591,0,9,10,0,0,0,10,0.02878549,0.0587281,0,0,0,0.0587281,0,0,0,0,0,0,0.01469996,0.03233298,0,0,0,0.03233298,0,0,0,0,0,,,,,,,,,
James Conner,Pittsburgh,11.78108108,1.071185145,RB,105,1,22.32602742,1995.339726,73,233,4.65,29,20,113,7.14,4.4,99.67221397,30.73728655,0,2006,2006,2006,2006,5,5,9,5,0,9,146,298,8,216,0,298,0.33106576,0.5,0.015968064,0.398523985,0,0.5,0.4,0.742857143,0.105263158,0.444444444,0,0.742857143,799,1765,77,1092,0,0.424548353,0.535660091,0.031300813,0.367058824,0,0.535660091,18.32602742,11,14,7,14,0,14,0.010851694,0.029825309,0.00283057,0.117054264,0,0.117054264,0,0,0,0.166666667,0,0.166666667,0.221041445,0.2784522,0.017073171,0.234285714,0,0.2784522,0,0,0,0,0,,,,,,,,,
Derrius Guice,LSU,11.48,1.059941888,RB,59,0,21.32,1997.5,70.5,224,4.49,31.5,15,NA,NA,NA,110.2281834,32.1371429,2007,2007,2008,2008,2009,8,7,5,0,0,8,51,183,237,0,0,237,0.10282258,0.39869281,0.42095915,0,0,0.42095915,0.08333333,0.5,0.44,0,0,0.5,436,1387,1251,0,0,0.14073596,0.49114731,0.4592511,0,0,0.49114731,0,4,11,6,0,0,11,0.00931966,0.04873563,0.04914784,0,0,0.04914784,0,0.09090909,0.13333333,0,0,0.13333333,0.00322789,0.01876771,0.02276065,0,0,0.02276065,472,21,0,1.4,0,,,,,,,,,
Marlon Mack,South Florida,11.4175,1.05757102,RB,143,1,21.48767142,1996.178082,71,213,4.5,35.5,15,125,NA,NA,103.8866027,29.70422535,0,2006,2006,2006,2006,5,6,6,0,0,6,202,210,174,0,0,210,0.556473829,0.360824742,0.305263158,0,0,0.556473829,0.818181818,0.285714286,0.319148936,0,0,0.818181818,1041,1381,1187,0,0,0.719419489,0.420267803,0.317974819,0,0,0.719419489,18.48767142,7,6,8,0,0,8,0.07269423,0.045773196,0.081042485,0,0,0.081042485,0,0.04,0,0,0,0.04,0.414996545,0.227023737,0.18939191,0,0,0.414996545,0,0,0,0,0,,,,,,,,,
Karlos Williams,Florida State,11.3,1.053078443,RB,155,,22.32876742,1993.336986,73,230,4.48,33.5,16,117,7.16,4.46,114.1946547,30.34152749,0,2006,2006,2006,2006,8,4,0,0,0,8,91,150,0,0,0,150,0.182,0.341685649,0,0,0,0.341685649,0.261904762,0.407407407,0,0,0,0.407407407,730,689,0,0,0,0.251984812,0.343469591,0,0,0,0.343469591,21.32876742,7,9,0,0,0,9,0.014449541,0.069082377,0,0,0,0.069082377,0,0.04,0,0,0,0.04,0.136865723,0.23778664,0,0,0,0.23778664,340,13,0,0.722222222,0,,,,,,,,,
Andre Ellington,Clemson,11.28378378,1.052454756,RB,187,1,24.57534242,1989.090411,69,199,4.61,34,NA,122,NA,NA,88.12099059,29.38395295,0,2006,2006,2006,2006,7,5,5,5,0,7,68,118,223,212,0,223,0.141372141,0.263982103,0.429672447,0.365517241,0,0.429672447,0.166666667,0.526315789,0.5,0.307692308,0,0.526315789,491,686,1178,1081,0,0.201725555,0.372623574,0.518942731,0.431192661,0,0.518942731,21.57534242,5,9,5,16,0,16,0.02088872,0.044782251,0.028348505,0.05874905,0,0.05874905,0,0.0625,0,0.025641026,0,0.0625,0.112161052,0.215915263,0.283480176,0.261866773,0,0.283480176,238,8,3,0.296296296,0.024390244,,,,,,,,,
Trent Richardson,Alabama,11.24782609,1.051068593,RB,3,1,22.14520542,1990.520548,69,228,4.48,4.56,NA,NA,NA,NA,113.2016577,33.66603655,0,2006,2006,2006,2006,5,6,5,0,0,6,145,112,283,0,0,283,0.247018739,0.242424242,0.568273092,0,0,0.568273092,0.258064516,0.2,0.617647059,0,0,0.617647059,751,700,1679,0,0,0.242571059,0.290577003,0.589950808,0,0,0.589950808,20.14520542,7,11,11,0,0,11,0.050299401,0.085011186,0.13745425,0,0,0.13745425,0,0.2,0.230769231,0,0,0.230769231,0.141634367,0.200498132,0.354356992,0,0,0.354356992,634,25,0,1.5625,0.022727273,,,,,,,,,
Mikel Leshoure,Illinois,10.82941176,1.034604867,RB,57,1,21.42465742,1990.241096,73,227,4.56,38,21,122,6.82,4.4,105.0017367,29.94576844,0,2008,2008,2008,2008,3,6,6,0,0,6,35,108,281,0,0,281,0.037037037,0.105986261,0.236731255,0,0,0.236731255,0.025641026,0.102040816,0.23943662,0,0,0.23943662,126,734,1697,0,0,0.029315961,0.147005808,0.246013337,0,0,0.246013337,0,11,12,11,0,0,12,0.012408347,0.043265705,0.044283778,0,0,0.044283778,0,0.074074074,0.078947368,0,0,0.078947368,0.02233597,0.091227719,0.137213685,0,0,0.137213685,0,0,0,0,0,,,,,,,,,
T.J. Yeldon,Alabama,10.30540541,1.013065081,RB,36,0,21.91506842,1993.750685,73,226,4.61,36,22,117,7.19,4.22,100.0771049,29.81384875,0,2006,2006,2006,2006,6,6,5,0,0,6,175,207,194,0,0,207,0.166666667,0.223300971,0.177330896,0,0,0.223300971,0.255319149,0.264150943,0.215686275,0,0,0.264150943,1108,1235,979,0,0,0.230162027,0.255958549,0.185874312,0,0,0.255958549,0,11,9,12,0,0,12,0.023181738,0.030098684,0.02869898,0,0,0.030098684,0.02173913,0,0.020833333,0,0,0.02173913,0.128687162,0.146943005,0.110024682,0,0,0.146943005,0,0,0,0,0,,,,,,,,,
Jay Ajayi,Boise State,10.29210526,1.012504219,RB,149,1,22.21369842,1993.452055,73,221,4.57,39,19,121,7.1,4.1,101.3345327,29.15425033,0,2006,2006,2006,2006,6,5,5,0,0,6,82,249,347,0,0,347,0.175213675,0.458563536,0.58714044,0,0,0.58714044,0.16,0.545454545,0.717948718,0,0,0.717948718,548,1425,1823,0,0,0.248300861,0.542031191,0.598293403,0,0,0.598293403,20.21369842,14,10,10,0,0,14,0.004849325,0.065486726,0.157770569,0,0,0.157770569,0,0.037037037,0.173913043,0,0,0.173913043,0.127322157,0.313236972,0.386937972,0,0,0.386937972,16,1,0,0.038461538,0,,,,,,,,,
Carlos Hyde,Ohio State,10.16176471,1.006969135,RB,57,1,23.94521342,1990.72054,73,230,4.62,34.5,19,114,NA,NA,100.9694358,30.34152749,0,2006,2006,2006,2006,5,5,5,7,0,7,24,106,185,208,0,208,0.044859813,0.190990991,0.340699816,0.333868379,0,0.340699816,0,0.3,0.432432432,0.333333333,0,0.432432432,141,566,970,1521,0,0.048839626,0.22513922,0.32594086,0.349655172,0,0.349655172,0,7,6,9,0,0,9,0.04626109,0.023977433,0.054464617,0,0,0.054464617,0,0.0625,0.085714286,0,0,0.085714286,0.127088305,0.171538978,0.191724138,0,0,0.191724138,47,2,0,0.05,0,,,,,,,,,
Sony Michel,Georgia,10.05862069,1.002538431,RB,31,0,23.53698642,1995.128767,71,214,4.54,NA,22,NA,NA,4.21,100.7442708,29.84368181,0,2006,2006,2006,2006,6,5,5,7,0,7,64,219,152,156,0,219,0.027027027,0.1095,0.075810474,0.065408805,0,0.1095,0.032679739,0.074074074,0.051282051,0.155339806,0,0.155339806,410,1161,840,1227,0,0.029323416,0.105660721,0.088244564,0.106844305,0,0.106844305,0,15,10,6,10,0,15,0.011752966,0.030765725,0.016843771,0.011922504,0,0.030765725,0.013888889,0.052631579,0.018518519,0.017857143,0,0.052631579,0.018452296,0.065116491,0.051948734,0.057601881,0,0.065116491,37,3,0,0.021276596,0,,,,,,,,,
Tevin Coleman,Indiana,10.035,1.001517377,RB,73,1,22.37808242,1993.287671,71,206,4.4,NA,22,NA,NA,NA,109.922478,28.72803015,0,2006,2006,2006,2006,4,7,7,0,0,7,51,131,270,0,0,270,0.129113924,0.293721973,0.500927644,0,0,0.500927644,0.047619048,0.48,0.517241379,0,0,0.517241379,225,958,2036,0,0,0.140889167,0.383506805,0.6380445,0,0,0.6380445,20.37808242,4,10,5,0,0,10,0.013297151,0.055348437,0.089923469,0,0,0.089923469,0,0,0,0,0,0,0.085785848,0.230384307,0.341115638,0,0,0.341115638,566,24,0,1.2,0,,,,,,,,,
Charles Sims,West Virginia,9.948387097,0.997752676,RB,69,1,23.95068542,1990.715068,73,214,4.48,37.5,17,126,7.16,4.3,106.2506787,28.23081254,0,2006,2006,2006,2006,5,0,0,0,0,5,208,0,0,0,0,208,0.495238095,0,0,0,0,0.495238095,0.611111111,0,0,0,0,0.611111111,1095,0,0,0,0,0.570015617,0,0,0,0,0.570015617,22.95068542,8,0,0,0,0,8,0.146137026,0,0,0,0,0.146137026,0.230769231,0,0,0,0,0.230769231,0.389380531,0,0,0,0,0.389380531,53,4,0,0.08,0,,,,,,,,,
Derrick Henry,Alabama,9.405531915,0.973383361,RB,45,1,22.65753442,1994.008219,75,247,4.54,37,22,130,7.2,4.38,116.2796022,30.86951111,0,2006,2006,2006,2006,10,5,5,0,0,10,36,172,395,0,0,395,0.038834951,0.157221207,0.358114234,0,0,0.358114234,0.056603774,0.215686275,0.549019608,0,0,0.549019608,382,990,2219,0,0,0.079170984,0.187962787,0.443002595,0,0,0.443002595,21.65753442,61,26,8,0,0,61,0.009835537,0.021047634,0.015928584,0,0,0.021047634,0.022222222,0.042553191,0,0,0,0.042553191,0.045906736,0.106607177,0.230584947,0,0,0.230584947,0,0,0,0,0,,,,,,,,,
James White,Wisconsin,8.951515152,0.951896551,RB,130,1,22.57534242,1992.090411,69,204,4.57,32,23,114,7.05,4.2,93.53956864,30.12224323,0,2006,2006,2006,2006,6,5,6,6,0,6,156,141,125,221,0,221,0.273204904,0.235785953,0.201288245,0.403284672,0,0.403284672,0.291666667,0.125,0.315789474,0.371428571,0,0.371428571,1052,713,806,1444,0,0.323493235,0.213729017,0.231742381,0.38424694,0,0.38424694,21.57534242,8,10,16,7,0,16,0.035129741,0.047923323,0.063922518,0.132625995,0,0.132625995,0,0,0.071428571,0.1,0,0.1,0.175276753,0.129346523,0.134847614,0.232038318,0,0.232038318,329,17,0,0.459459459,0,,,,,,,,,
Alex Collins,Arkansas,8.763888889,0.942696863,RB,171,0,22.01643842,1994.649315,70,217,4.59,28.5,18,113,NA,NA,97.77751316,31.13285714,0,2006,2006,2006,2006,5,5,5,0,0,5,190,204,271,0,0,271,0.184824903,0.180851064,0.246587807,0,0,0.246587807,0.088888889,0.179104478,0.303030303,0,0,0.303030303,1026,1100,1577,0,0,0.195540309,0.189622479,0.274978204,0,0,0.274978204,0,5,3,7,0,0,7,0.014482759,0.001546658,0.015614727,0,0,0.015614727,0,0,0,0,0,0,0.103773585,0.095586968,0.145771578,0,0,0.145771578,113,4,0,0.058823529,0,,,,,,,,,
Jamaal Williams,BYU,8.72826087,0.940927718,RB,134,0,22.5,1995.3,73,212,4.59,30,NA,123,7.25,4.53,95.52457507,27.9669732,2007,2007,2008,2008,2009,4,5,4,5,0,5,166,217,109,234,0,234,0.336714,0.33384615,0.19926874,0.43093923,0,0.43093923,0.54545455,0.29166667,0.14285714,0.42857143,0,0.54545455,775,1233,518,1375,0,0.38139764,0.34968803,0.2115149,0.52004539,0,0.52004539,0,11,6,5,11,0,11,0.10865816,0.04437345,0.01314318,0.03208985,0,0.10865816,0.04166667,0,0,0,0,0.04166667,0.07750984,0.01772547,0.00959575,0.01512859,0,0.07750984,11,1,0,0.02083333,0,,,,,,,,,
Kenneth Dixon,Louisiana Tech,8.711111111,0.940073553,RB,134,0,22.61095842,1994.054795,70,215,4.56,37.5,18,121,6.97,4.28,99.45098409,30.84591837,0,2006,2006,2006,2006,6,6,5,5,0,6,200,151,253,197,0,253,0.393700787,0.371007371,0.527083333,0.462441315,0,0.527083333,0.574468085,0.285714286,0.6875,0.703703704,0,0.703703704,1194,917,1299,1070,0,0.429187635,0.476363636,0.615931721,0.510983763,0,0.615931721,18.61095842,3,6,12,13,0,13,0.008385242,0.035609552,0.122338735,0.125066952,0,0.125066952,0.03125,0.111111111,0.25,0.333333333,0,0.333333333,0.220884256,0.26025974,0.399241347,0.367000955,0,0.399241347,0,0,0,0,0,,,,,,,,,
Stevan Ridley,LSU,8.41956522,0.925289665,RB,73,1,22.3,1989.07,71,225,4.65,36,18,118,6.78,4.21,96.24999203,31.3777028,2007,2007,2008,2008,2009,7,4,4,0,0,7,12,45,249,0,0,249,0.0244898,0.1056338,0.46804511,0,0,0.46804511,0.03703704,0.2,0.51724138,0,0,0.51724138,92,180,1147,0,0,0.04022737,0.10669828,0.45515873,0,0,0.45515873,0,5,5,0,0,0,5,0.01416309,0.03109072,0,0,0,0.03109072,0,0,0,0,0,0,0.00978068,0.01210317,0,0,0,0.01210317,0,0,0,0,0,,,,,,,,,
Ameer Abdullah,Nebraska,8.38125,0.923308795,RB,54,0,22.21917842,1993.446575,69,205,4.6,42.5,24,130,6.79,3.95,91.56985574,30.26990128,0,2006,2006,2006,2006,3,5,6,6,0,6,42,226,281,264,0,281,0.070707071,0.346625767,0.487001733,0.455958549,0,0.487001733,0.096774194,0.242424242,0.375,0.542857143,0,0.542857143,150,1137,1690,1611,0,0.052155772,0.318755257,0.595070423,0.511590981,0,0.595070423,20.21917842,11,7,8,12,0,12,0.005228137,0.065297139,0.099784946,0.108118971,0,0.108118971,0,0.090909091,0.086956522,0.142857143,0,0.142857143,0.027990264,0.184328567,0.338380282,0.298507463,0,0.338380282,763,26,209,1.368421053,2.5,,,,,,,,,
Roy Helu,Nebraska,8.355882353,0.921992317,RB,105,0,22.73424642,1988.931507,71,219,4.4,36.5,11,119,6.67,4.01,116.8593334,30.54096409,0,2007,2008,2008,2008,4,6,5,6,0,6,45,125,220,188,0,220,0.109223301,0.262054507,0.438247012,0.302250804,0,0.438247012,0,0.259259259,0.5,0.34375,0,0.5,209,803,1147,1245,0,0.114145276,0.359284116,0.538497653,0.355917667,0,0.538497653,19.73424642,8,10,7,9,0,10,0.010400416,0.078535577,0.064474254,0.022308438,0,0.078535577,0,0,0,0,0,0,0.067995631,0.239149888,0.304225352,0.184534019,0,0.304225352,0,0,0,0,0,,,,,,,,,
Nyheim Hines,NC State,8.3375,0.921035847,RB,104,0,21.85,1996.9,68.38,198,4.38,35.5,NA,121,6.9,4.27,107.5966485,30.49,2007,2007,2008,2008,2009,5,3,5,0,0,5,48,13,197,0,0,197,0.09022556,0.02579365,0.39637827,0,0,0.39637827,0.02777778,0,0.34285714,0,0,0.34285714,243,44,1112,0,0,0.09176737,0.02135922,0.47541684,0,0,0.47541684,0,12,12,5,0,0,12,0.10293526,0.18369489,0.04439252,0,0,0.18369489,0.05263158,0,0,0,0,0.05263158,0.04833837,0.12742718,0.03249252,0,0,0.12742718,920,35,135,5,2,,,,,,,,,
Shane Vereen,California,8.315384615,0.919882342,RB,56,1,22.33424642,1989.331507,70,210,4.49,34,31,115,6.95,4.28,103.3389219,30.12857143,0,2008,2008,2008,2009,5,5,5,0,0,5,142,183,231,0,0,231,0.33490566,0.396103896,0.551312649,0,0,0.551312649,0.181818182,0.444444444,0.684210526,0,0,0.684210526,715,952,1167,0,0,0.278210117,0.427672956,0.593289273,0,0,0.593289273,20.33424642,8,9,9,0,0,9,0.09839715,0.092040739,0.110465116,0,0,0.110465116,0.041666667,0.125,0.230769231,0,0,0.230769231,0.182101167,0.268643306,0.349771225,0,0,0.349771225,551,24,10,0.727272727,0.065217391,,,,,,,,,
Vick Ballard,Mississippi State,8.141176471,0.910687169,RB,170,0,22.12876742,1990.536986,70,219,4.59,33,23,115,7.03,4.19,98.67868839,31.41979592,0,2006,2006,2006,2006,5,6,0,0,0,6,186,193,0,0,0,193,0.305921053,0.381422925,0,0,0,0.381422925,0.678571429,0.526315789,0,0,0,0.678571429,968,1189,0,0,0,0.34204947,0.5116179,0,0,0,0.5116179,21.12876742,10,9,0,0,0,10,0.045729077,0.085898025,0,0,0,0.085898025,0.058823529,0.055555556,0,0,0,0.058823529,0.18975265,0.296041308,0,0,0,0.296041308,0,0,0,0,0,,,,,,,,,
Kenyan Drake,Alabama,8.125,0.90982337,RB,73,1,22.59726042,1994.068493,73,210,4.45,34.5,10,123,7.04,4.21,107.1048769,27.7031338,0,2006,2006,2006,2006,6,7,5,5,0,7,42,92,22,77,0,92,0.04,0.099244876,0.020109689,0.06980961,0,0.099244876,0.106382979,0.150943396,0.078431373,0.019607843,0,0.150943396,281,694,112,408,0,0.058371417,0.143834197,0.021264477,0.081453384,0,0.143834197,0,11,31,9,0,0,31,0.022030026,0.025266169,0.049927641,0,0,0.049927641,0.022222222,0.042553191,0.027777778,0,0,0.042553191,0.085906736,0.02572622,0.068277101,0,0,0.085906736,505,20,19,0.338983051,0.021276596,,,,,,,,,
Royce Freeman,Oregon,8.116666667,0.909377711,RB,71,0,22.51780842,1996.147945,71,229,4.54,34,17,118,6.9,4.16,107.8057851,31.93552866,0,2006,2006,2006,2006,5,6,5,6,0,6,252,283,168,244,0,283,0.252,0.255415162,0.179679144,0.234841193,0,0.255415162,0.295081967,0.34,0.169811321,0.275862069,0,0.34,1365,1836,945,1475,0,0.258229285,0.293572114,0.186464088,0.296900161,0,0.296900161,0,9,13,6,11,0,13,0.020168496,0.068693249,0.028097561,0.035193133,0,0.068693249,0.017241379,0.048780488,0.025,0,0,0.048780488,0.144059781,0.174608251,0.107438832,0.164955717,0,0.174608251,0,0,0,0,0,,,,,,,,,
Javorius Allen,USC,7.9925,0.902682645,RB,125,0,24.01369842,1991.652055,73,221,4.53,35.5,11,121,6.96,4.28,104.9613629,29.15425033,0,2006,2006,2006,2006,5,5,5,0,0,5,6,135,276,0,0,276,0.015424165,0.257142857,0.536964981,0,0,0.536964981,0,0.482758621,0.611111111,0,0,0.611111111,32,785,1489,0,0,0.015451473,0.302621434,0.656525573,0,0,0.656525573,23.01369842,11,11,0,0,0,11,0.086065574,0.134785168,0,0,0,0.134785168,0.052631579,0.026315789,0,0,0,0.052631579,0.199884348,0.429232804,0,0,0,0.429232804,0,0,0,0,0,,,,,,,,,
Zac Stacy,Vanderbilt,7.951428571,0.900445162,RB,160,0,22.39726042,1991.268493,68,216,4.55,33,27,122,6.7,4.17,100.7948076,32.83910035,0,2006,2006,2006,2006,4,5,5,5,0,5,107,66,201,207,0,207,0.240990991,0.162162162,0.411885246,0.407480315,0,0.411885246,0.25,0.230769231,0.538461538,0.4,0,0.538461538,478,331,1193,1141,0,0.243256997,0.19255381,0.549010584,0.519581056,0,0.549010584,20.39726042,10,3,5,20,0,20,0.042755344,0.017012228,0.048983364,0.079797587,0,0.079797587,0,0,0,0,0,0,0.139949109,0.105584642,0.298895536,0.306466302,0,0.306466302,9,1,37,0.018867925,0.15,,,,,,,,,
Jeremy Langford,Michigan State,7.814285714,0.892889286,RB,106,0,23.73698642,1991.928767,73,208,4.42,34.5,NA,118,7.22,4.32,108.9944171,27.43929443,0,2006,2006,2006,2006,2,4,5,0,0,5,9,292,276,0,0,292,0.018518519,0.537753223,0.477508651,0,0,0.537753223,0,0.782608696,0.5,0,0,0.782608696,23,1422,1522,0,0,0.011170471,0.571084337,0.4912847,0,0,0.571084337,21.73698642,5,5,0,0,0,5,0.0559316,0.018278302,0,0,0,0.0559316,0.045454545,0,0,0,0,0.045454545,0.317068273,0.255648806,0,0,0,0.317068273,0,0,0,0,0,,,,,,,,,
Matt Jones,Florida,7.644,0.883320678,RB,95,0,22.48767142,1993.178082,74,231,4.61,31.5,20,112,NA,4.2,102.2912001,29.65540541,0,2006,2006,2006,2006,5,4,4,0,0,5,52,79,166,0,0,166,0.022298456,0.034986714,0.074472858,0,0,0.074472858,0.027777778,0.023255814,0.070588235,0,0,0.070588235,275,339,817,0,0,0.026220442,0.037073491,0.087342313,0,0,0.087342313,0,3,5,5,0,0,5,0.000719062,0.001993303,0.005005776,0,0,0.005005776,0,0,0.011494253,0,0,0.011494253,0.013586957,0.019903762,0.047145606,0,0,0.047145606,0,0,0,0,0,,,,,,,,,
Bilal Powell,Louisville,7.58125,0.879740818,RB,126,0,22.84657542,1988.819178,70,207,4.51,NA,18,NA,NA,NA,100.0677589,29.69816327,0,2006,2006,2007,2007,7,4,3,6,0,7,24,75,108,229,0,229,0.05811138,0.167037862,0.258992806,0.495670996,0,0.495670996,0.090909091,0.111111111,0.266666667,0.647058824,0,0.647058824,187,354,392,1405,0,0.103429204,0.168091168,0.254876463,0.605603448,0,0.605603448,21.84657542,8,4,8,8,0,8,0.006130456,0.023311897,0.042845258,0.066835871,0,0.066835871,0,0,0,0.157894737,0,0.157894737,0.058628319,0.097815764,0.160923277,0.336853448,0,0.336853448,0,0,0,0,0,,,,,,,,,
Jacquizz Rodgers,Oregon State,7.510638298,0.875676847,RB,145,0,21.56712342,1990.09863,66,196,4.59,33,NA,113,7.31,4.26,88.31517318,31.63177227,0,2006,2006,2007,2007,4,5,4,0,0,5,259,273,256,0,0,273,0.539583333,0.630484988,0.677248677,0,0,0.677248677,0.523809524,0.807692308,0.777777778,0,0,0.807692308,1253,1440,1184,0,0,0.563906391,0.722891566,0.801082544,0,0,0.801082544,18.56712342,8,6,6,0,0,8,0.082608696,0.174116077,0.130632681,0,0,0.174116077,0.041666667,0.045454545,0.1875,0,0,0.1875,0.337533753,0.49246988,0.497631935,0,0,0.497631935,0,0,0,0,0,,,,,,,,,
Ronald Jones,USC,7.48,0.873901598,RB,38,1,21.07945242,1997.586301,71,205,4.65,36.5,NA,NA,NA,NA,87.69443718,28.5885737,0,2006,2006,2006,2006,6,6,5,0,0,6,153,177,261,0,0,261,0.297087379,0.349802372,0.480662983,0,0,0.480662983,0.307692308,0.666666667,0.655172414,0,0,0.666666667,987,1082,1550,0,0,0.389349112,0.40494012,0.588905775,0,0,0.588905775,18.07945242,5,6,13,0,0,13,0.010436179,0.021609326,0.04676169,0,0,0.04676169,0.034482759,0.03125,0.04,0,0,0.04,0.202366864,0.216691617,0.329977204,0,0,0.329977204,0,0,0,0,0,,,,,,,,,
Tre Mason,Auburn,7.472,0.873436863,RB,75,0,21.07123242,1993.594521,68,207,4.5,38.5,NA,126,NA,4.15,100.9602195,31.4708045,0,2006,2006,2006,2006,5,5,5,0,0,5,28,171,317,0,0,317,0.052631579,0.394919169,0.442119944,0,0,0.442119944,0.05,0.5,0.479166667,0,0,0.5,161,1002,1816,0,0,0.065155807,0.514902364,0.391716997,0,0,0.514902364,19.07123242,12,13,0,0,0,13,0.047964306,0.072155821,0,0,0,0.072155821,0,0.052631579,0,0,0,0.052631579,0.27954779,0.213438309,0,0,0,0.27954779,633,24,0,0.75,0,,,,,,,,,
Boston Scott,Louisiana Tech,7.453846154,0.872380425,RB,201,0,23.34794542,1995.317808,66,203,4.4,38.5,20,NA,NA,NA,108.3216652,32.8,0,2006,2006,2006,2006,3,8,7,5,0,8,1,34,70,182,0,182,0.002083333,0.079812207,0.167865707,0.367676768,0,0.367676768,0,0,0.2,0.363636364,0,0.363636364,3,275,515,1040,0,0.001422475,0.131327603,0.241784038,0.446160446,0,0.446160446,22.34794542,1,11,9,0,0,11,0.000238095,0.025191455,0.064275568,0,0,0.064275568,0,0,0.0625,0,0,0.0625,0.065902579,0.150234742,0.261904762,0,0,0.261904762,251,10,0,0.5,0,,,,,,,,,
Bo Scarbrough,Alabama,7.2,0.857332496,RB,236,0,23.92328742,1994.742466,73,228,4.52,40,14,129,NA,4.34,109.2473984,30.07768812,0,2006,2006,2006,2006,5,6,4,0,0,6,18,125,124,0,0,125,0.01631913,0.112815884,0.125633232,0,0,0.125633232,0.019607843,0.189655172,0.173913043,0,0,0.189655172,104,812,596,0,0,0.020762627,0.143920596,0.12458194,0,0,0.143920596,0,5,6,0,0,0,6,0.003489848,0.019967027,0,0,0,0.019967027,0,0,0,0,0,0,0.073909961,0.07368311,0,0,0,0.073909961,0,0,0,0,0,,,,,,,,,
Edwin Baker,Michigan State,7.166666667,0.855317205,RB,250,0,21.25205442,1991.413699,68,204,4.44,35,20,111,7.27,4.31,104.985249,31.01470588,0,2006,2006,2006,2006,5,5,3,0,0,5,85,207,170,0,0,207,0.208845209,0.481395349,0.354166667,0,0,0.481395349,0.0625,0.52,0.238095238,0,0,0.52,427,1201,665,0,0,0.235781336,0.549656751,0.333166333,0,0,0.549656751,19.25205442,6,7,12,0,0,12,0.012431339,0.007210751,0.017266187,0,0,0.017266187,0,0,0.04,0,0,0.04,0.129762562,0.2798627,0.181613226,0,0,0.2798627,38,2,0,0.037735849,0,,,,,,,,,
Devontae Booker,Utah,7.153333333,0.854508463,RB,136,0,24.26575342,1992.4,71,219,4.56,NA,22,NA,NA,NA,101.301235,30.54096409,0,2006,2006,2006,2006,5,4,0,0,0,5,292,268,0,0,0,292,0.275731822,0.258937198,0,0,0,0.275731822,0.23255814,0.239130435,0,0,0,0.239130435,1512,1261,0,0,0,0.296936371,0.276050788,0,0,0,0.296936371,0,7,8,0,0,0,8,0.060630077,0.067645182,0,0,0,0.067645182,0.052631579,0,0,0,0,0.052631579,0.178515318,0.17283275,0,0,0,0.178515318,57,3,0,0.049180328,0,,,,,,,,,
Montee Ball,Wisconsin,6.895238095,0.838549267,RB,58,0,22.73972642,1990.926027,70,214,4.66,32,15,118,6.88,4.4,90.76117345,30.70244898,0,2006,2006,2006,2006,4,6,6,5,0,6,98,163,307,356,0,356,0.171328671,0.285464098,0.513377926,0.573268921,0,0.573268921,0.121212121,0.375,0.6875,0.578947368,0,0.6875,391,996,1923,1830,0,0.146771772,0.306273063,0.576438849,0.526164462,0,0.576438849,20.73972642,10,8,12,7,0,12,0.034353996,0.051926978,0.102891728,0.033882353,0,0.102891728,0,0,0.214285714,0,0,0.214285714,0.090653153,0.172816728,0.334082734,0.273433007,0,0.334082734,15,1,0,0.020833333,0,,,,,,,,,
Mark Ingram,Alabama,6.716216216,0.827124669,RB,28,1,21.69589042,1989.969863,69,215,4.62,31.5,21,118,7.13,4.62,94.38447259,31.74648183,2008,2009,2010,2011,0,5,6,5,0,0,6,143,271,158,0,0,271,0.256272401,0.461669506,0.341991342,0,0,0.461669506,0.375,0.548387097,0.433333333,0,0,0.548387097,728,1658,875,0,0,0.279569892,0.535529716,0.363221254,0,0,0.535529716,19.69589042,7,10,13,0,0,13,0.023057216,0.145407053,0.090587857,0,0,0.145407053,0,0.214285714,0.043478261,0,0,0.214285714,0.15015361,0.321705426,0.240141137,0,0,0.321705426,19,1,0,0.025,0,,,,,,,,,
Mike Gillislee,Florida,6.7125,0.826884299,RB,164,0,22.83075342,1990.835,71,208,4.55,30.5,15,119,7.12,4.4,97.06166658,29.00694307,0,2006,2006,2006,2006,8,5,5,4,0,8,31,58,56,244,0,244,0.013449024,0.024493243,0.026192703,0.104631218,0,0.104631218,0.008695652,0.063063063,0.023529412,0.092592593,0,0.092592593,267,325,328,1152,0,0.025474668,0.030692228,0.036746583,0.109839817,0,0.109839817,0,6,2,9,0,0,9,0.000391645,0.001342918,0.011556912,0,0,0.011556912,0.009708738,0,0.011764706,0,0,0.011764706,0.013023566,0.016148834,0.0625,0,0,0.0625,148,6,0,0.022140221,0,,,,,,,,,
Elijah McGuire,Louisiana,6.67083333,0.82418009,RB,188,0,22.583562,1994.41644,70,214,4.53,36,15,120,7.26,4.56,101.6367948,30.702449,2007,2007,2008,2008,2009,8,7,5,4,0,8,103,166,210,232,0,232,0.07703815,0.12099125,0.16304348,0.1530343,0,0.16304348,0.14035088,0.19444444,0.22033898,0.09722222,0,0.22033898,863,1264,1058,1127,0,0.13975709,0.21236559,0.18845743,0.16899085,0,0.21236559,0,17,10,8,8,0,17,0.04986365,0.05236657,0.03219073,0.0250184,0,0.05236657,0.06,0.03448276,0.04761905,0.02941176,0,0.06,0.03109312,0.03931452,0.02609548,0.01784375,0,0.03931452,46,3,116,0.02702703,0.34090909,,,,,,,,,
Theo Riddick,Notre Dame,6.563636364,0.817144512,RB,199,0,22.32876742,1991.336986,70,201,4.68,32,NA,118,NA,NA,83.79973414,28.83734694,0,2006,2006,2006,2006,5,2,4,4,0,5,29,11,14,190,0,190,0.073791349,0.0275,0.033175355,0.386965377,0,0.386965377,0,0,0,0.217391304,0,0.217391304,160,29,63,917,0,0.097146327,0.017323775,0.028885832,0.362880886,0,0.362880886,21.32876742,7,10,11,10,0,11,0.011200834,0.14394993,0.153089888,0.146187278,0,0.153089888,0,0.12,0.166666667,0.166666667,0,0.166666667,0.061627201,0.132317802,0.114397066,0.254649782,0,0.254649782,849,37,0,2.846153846,0.15,,,,,,,,,
Daniel Thomas,Kansas State,6.5575,0.816738299,RB,62,0,23.84109542,1987.824658,73,230,4.62,34,21,123,7.06,4.29,100.9694358,30.34152749,0,2008,2008,2008,2008,5,5,0,0,0,5,247,298,0,0,0,298,0.50305499,0.545787546,0,0,0,0.545787546,0.5,0.475,0,0,0,0.5,1265,1585,0,0,0,0.57709854,0.606350421,0,0,0,0.606350421,21.84109542,10,6,0,0,0,10,0.144707207,0.079166667,0,0,0,0.144707207,0,0,0,0,0,0,0.347171533,0.335883703,0,0,0,0.347171533,25,1,0,0.020408163,0,,,,,,,,,
Ronnie Hillman,San Diego State,6.4125,0.807027378,RB,67,0,20.96438342,1991.70137,69,200,4.42,37,17,NA,NA,NA,104.8023242,29.53161101,0,2006,2006,2006,2006,5,5,0,0,0,5,262,311,0,0,0,311,0.613583138,0.651991614,0,0,0,0.651991614,0.586206897,0.678571429,0,0,0,0.678571429,1532,1711,0,0,0,0.708603145,0.693554925,0,0,0,0.708603145,18.96438342,7,11,0,0,0,11,0.018027572,0.093490305,0,0,0,0.093490305,0.037037037,0.045454545,0,0,0,0.045454545,0.370027752,0.401499797,0,0,0,0.401499797,0,0,0,0,0,,,,,,,,,
Ito Smith,Southern Mississippi,6.380952381,0.804885504,RB,126,0,22.97260242,1995.693151,68.63,200,4.5,36.5,NA,119,7.22,4.56,97.54610578,30.57,0,2006,2006,2006,2006,3,6,5,5,0,6,136,171,265,248,0,265,0.370572207,0.347560976,0.487132353,0.497991968,0,0.497991968,0.222222222,0.322580645,0.653846154,0.684210526,0,0.684210526,536,1128,1459,1413,0,0.429143315,0.427110943,0.605394191,0.578150573,0,0.605394191,18.97260242,9,10,10,9,0,10,0.024088748,0.125579127,0.134289058,0.145321101,0,0.145321101,0,0.081081081,0.083333333,0.090909091,0,0.090909091,0.244995997,0.311056418,0.397925311,0.370090016,0,0.397925311,233,11,0,0.35483871,0,,,,,,,,,
D'Onta Foreman,Texas,6.154545455,0.789195984,RB,89,0,21.35616442,1996.309589,73,233,4.5,33,18,120,7.21,4.29,113.6412132,30.73728655,0,2006,2006,2006,2006,4,7,6,0,0,7,16,95,323,0,0,323,0.007181329,0.039966344,0.13910422,0,0,0.13910422,0,0.047619048,0.131578947,0,0,0.131578947,74,681,2028,0,0,0.007082695,0.058130602,0.20520085,0,0,0.20520085,0,7,12,10,0,0,12,0.000449207,0.004345464,0.00436605,0,0,0.00436605,0,0,0,0,0,0,0.00387634,0.031796842,0.106394819,0,0,0.106394819,25,1,0,0.004975124,0,,,,,,,,,
Rashaad Penny,San Diego State,6.070833333,0.78324831,RB,27,0,22.57808242,1996.087671,71,220,4.46,32.5,13,120,NA,NA,111.2021647,30.68042055,0,2006,2006,2006,2006,11,6,7,7,0,11,2,61,135,289,0,289,0.003944773,0.092145015,0.212264151,0.502608696,0,0.502608696,0,0.125,0.323529412,0.696969697,0,0.696969697,22,368,1005,2248,0,0.007516228,0.110543707,0.268429487,0.674265147,0,0.674265147,21.57808242,15,14,7,0,0,15,0.064239829,0.124513619,0.075292805,0,0,0.124513619,0.0625,0.176470588,0.181818182,0,0,0.181818182,0.073295284,0.164129274,0.357378524,0,0,0.357378524,804,24,70,2.4,0.08,,,,,,,,,
Chris Thompson,Florida State,5.710526316,0.756676137,RB,154,0,22.86575342,1990.8,67,192,4.42,35,21,NA,NA,NA,100.6102312,30.06816663,0,2006,2006,2006,2006,5,6,2,7,0,7,23,133,29,91,0,133,0.054892601,0.271428571,0.066974596,0.180555556,0,0.271428571,0.074074074,0.222222222,0.05,0.125,0,0.222222222,120,846,83,687,0,0.061570036,0.346295538,0.055112882,0.236326109,0,0.346295538,19.86575342,5,8,5,11,0,11,0.002837684,0.055695293,0.00511432,0.071655591,0,0.071655591,0,0.043478261,0,0,0,0.043478261,0.033350436,0.20487106,0.033200531,0.160818713,0,0.20487106,150,6,4,0.098360656,0.023255814,,,,,,,,,
Andre Williams,Boston College,5.672727273,0.753791905,RB,113,0,22.01095842,1992.654795,71,230,4.56,38,NA,NA,NA,NA,106.3894248,32.5,0,2006,2006,2006,2006,4,4,4,6,0,6,95,124,130,355,0,355,0.210176991,0.290398126,0.386904762,0.689320388,0,0.689320388,0.2,0.333333333,0.571428571,0.75,0,0.75,461,517,584,2177,0,0.249593936,0.308288611,0.450617284,0.783657307,0,0.783657307,20.01095842,3,5,8,0,0,8,0.00678733,0.005475361,0.011082138,0,0,0.011082138,0,0,0,0,0,0,0.128857607,0.157423971,0.238425926,0,0,0.238425926,119,9,0,0.195652174,0,,,,,,,,,
Wendell Smallwood,West Virginia,5.643243243,0.75152877,RB,153,0,22.61095842,1994.054795,70,208,4.47,33.5,14,120,6.83,4.28,104.1989249,29.84163265,0,2006,2006,2006,2006,5,4,6,0,0,6,39,148,238,0,0,238,0.092857143,0.264758497,0.388254486,0,0,0.388254486,0.055555556,0.111111111,0.36,0,0,0.36,221,722,1519,0,0,0.115044248,0.287534847,0.509218907,0,0,0.509218907,20.61095842,12,10,6,0,0,12,0.043810156,0.085902503,0.051397366,0,0,0.085902503,0,0,0,0,0,0,0.09187923,0.2086818,0.281428093,0,0,0.281428093,541,30,0,1.25,0,,,,,,,,,
Bishop Sankey,Washington,5.289655172,0.723427362,RB,54,0,21.96164342,1992.70411,69,209,4.49,35.5,26,126,6.75,4,102.8468318,30.8605335,0,2006,2006,2006,2006,6,5,5,0,0,6,28,289,327,0,0,327,0.033939394,0.407042254,0.393028846,0,0,0.407042254,0.03125,0.64,0.444444444,0,0,0.64,187,1439,1870,0,0,0.054487179,0.56167057,0.462871287,0,0,0.56167057,19.96164342,2,7,10,0,0,10,0.00195122,0.038408144,0.038657172,0,0,0.038657172,0,0,0.016666667,0,0,0.016666667,0.029283217,0.329430133,0.269059406,0,0,0.329430133,134,7,0,0.0546875,0,,,,,,,,,
Wayne Gallman,Clemson,5.2,0.716003344,RB,140,0,22.91780842,1994.747945,73,215,4.6,29.5,21,120,7.17,4.28,96.03667797,28.36273222,0,2006,2006,2006,2006,4,5,4,0,0,5,161,283,232,0,0,283,0.306666667,0.426847662,0.391891892,0,0,0.426847662,0.2,0.382352941,0.566666667,0,0,0.566666667,769,1527,1133,0,0,0.39035533,0.446230275,0.4417154,0,0,0.446230275,19.91780842,4,10,7,0,0,10,0.032757052,0.051189618,0.03127572,0,0,0.051189618,0.045454545,0.029411765,0,0,0,0.045454545,0.222588832,0.254237288,0.250487329,0,0,0.254237288,0,0,0,0,0,,,,,,,,,
C.J. Prosise,Notre Dame,5.18125,0.714434548,RB,90,0,22.28493142,1994.380822,73,220,4.48,35.5,NA,121,7.19,4.42,109.2296697,29.02233064,0,2006,2006,2006,2006,12,6,0,0,0,12,10,156,0,0,0,156,0.021052632,0.332622601,0,0,0,0.332622601,0.041666667,0.379310345,0,0,0,0.379310345,126,1032,0,0,0,0.059546314,0.377192982,0,0,0,0.377192982,21.28493142,10,17,11,0,0,17,0.022215366,0.161502347,0.10078534,0,0,0.161502347,0,0.071428571,0.041666667,0,0,0.071428571,0.017569546,0.151701323,0.244883041,0,0,0.244883041,0,0,0,0,0,,,,,,,,,
Bryce Brown,Kansas State,5.051282051,0.703401619,RB,229,0,21.30136942,1991.364384,71.5,223,4.54,34,NA,117,7.04,4.2,104.9811793,31.41,0,2006,2006,2006,2006,5,0,0,0,0,5,3,0,0,0,0,3,0.005067568,0,0,0,0,0.005067568,0,0,0,0,0,0,16,0,0,0,0,0.006514658,0,0,0,0,0.006514658,0,3,0,0,0,0,3,0.001525165,0,0,0,0,0.001525165,0,0,0,0,0,0,0.003868078,0,0,0,0,0.003868078,0,0,0,0,0,,,,,,,,,
Kendall Hunter,Oklahoma State,4.930232558,0.692867405,RB,115,0,22.95890442,1988.706849,67,199,4.46,35,24,122,6.74,4.21,100.5874127,31.16440187,0,2007,2007,2008,2008,6,6,4,5,0,6,107,241,89,271,0,271,0.184801382,0.420593368,0.164206642,0.618721461,0,0.618721461,0.133333333,0.421052632,0.045454545,0.615384615,0,0.615384615,696,1555,382,1548,0,0.217364147,0.477873387,0.15465587,0.648241206,0,0.648241206,19.95890442,13,9,7,5,0,13,0.046678024,0.0670959,0.036888889,0.024139579,0,0.0670959,0.04,0.041666667,0,0,0,0.041666667,0.130074953,0.269360787,0.094129555,0.345268007,0,0.345268007,87,5,0,0.098039216,0,,,,,,,,,
Joseph Randle,Oklahoma State,4.891428571,0.689435716,RB,151,0,21.67397242,1991.991781,73,204,4.63,35,NA,123,NA,NA,88.78430492,26.91161569,0,2006,2006,2006,2006,5,5,5,0,0,5,82,208,274,0,0,274,0.187214612,0.547368421,0.540433925,0,0,0.547368421,0.076923077,0.666666667,0.4,0,0,0.666666667,452,1216,1417,0,0,0.189279732,0.540684749,0.499823633,0,0,0.540684749,19.67397242,11,6,8,0,0,11,0.110679108,0.055776892,0.054754339,0,0,0.110679108,0.028571429,0.052631579,0,0,0,0.052631579,0.184045226,0.329479769,0.289417989,0,0,0.329479769,282,12,0,0.272727273,0.022222222,,,,,,,,,
Ryan Williams,Virginia Tech,4.76,0.677606953,RB,38,0,21.39726042,1990.268493,69,212,4.59,40,19,123,6.96,4.18,95.52457507,31.30350767,0,2008,2008,2009,2009,5,4,0,0,0,5,293,110,0,0,0,293,0.527927928,0.196428571,0,0,0,0.527927928,0.636363636,0.3,0,0,0,0.636363636,1655,477,0,0,0,0.597041847,0.16975089,0,0,0,0.597041847,19.39726042,11,10,0,0,0,11,0.081411126,0.039766509,0,0,0,0.081411126,0.076923077,0.043478261,0,0,0,0.076923077,0.330988456,0.104270463,0,0,0,0.330988456,0,0,0,0,0.02,,,,,,,,,
DeAndre Washington,Texas Tech,4.656410256,0.668051237,RB,143,0,23.52328742,1993.142466,68,204,4.49,34.5,24,116,7.03,4.2,100.3863813,31.53,0,2006,2006,2006,2006,4,4,5,6,0,6,77,107,188,233,0,233,0.198966408,0.26097561,0.543352601,0.510964912,0,0.543352601,0.15,0.210526316,0.25,0.411764706,0,0.411764706,366,450,1103,1492,0,0.241743725,0.278121137,0.593968767,0.590891089,0,0.593968767,20.52328742,5,7,10,9,0,10,0.027006938,0.055601488,0.084210526,0.0826003,0,0.084210526,0,0,0.052631579,0.054054054,0,0.054054054,0.156869221,0.222187886,0.385298869,0.371683168,0,0.385298869,131,7,0,0.132075472,0.037037037,,,,,,,,,
Justin Jackson,Northwestern,4.615,0.664171705,RB,251,0,22.36164342,1996.30411,73,199,4.52,38.5,13,122,6.81,4.07,95.35189594,26.25201726,0,2006,2006,2006,2006,4,4,5,4,0,5,245,312,298,287,0,312,0.516877637,0.536082474,0.593625498,0.534450652,0,0.593625498,0.5,0.3125,0.681818182,0.366666667,0,0.681818182,1187,1418,1524,1311,0,0.664985994,0.559589582,0.752592593,0.576010545,0,0.752592593,18.36164342,9,7,6,6,0,9,0.083854819,0.098840757,0.073811931,0.099855282,0,0.099855282,0.111111111,0,0,0,0,0.111111111,0.388795518,0.311760063,0.43037037,0.348637961,0,0.43037037,0,0,0,0,0,,,,,,,,,
Bernard Pierce,Temple,4.595555556,0.662338021,RB,84,0,21.31232842,1991.353425,73,218,4.45,36.5,17,123,7.07,4.28,111.1850627,28.75849127,0,2006,2006,2006,2006,5,4,5,0,0,5,236,154,249,0,0,249,0.441121495,0.365795724,0.430051813,0,0,0.441121495,0.551724138,0.5,0.685714286,0,0,0.685714286,1361,728,1292,0,0,0.515530303,0.396730245,0.404761905,0,0,0.515530303,18.31232842,4,10,17,0,0,17,0.020911528,0.04090268,0.035064059,0,0,0.04090268,0,0.071428571,0,0,0,0.071428571,0.265151515,0.222070845,0.210526316,0,0,0.265151515,23,1,0,0.019230769,0,,,,,,,,,
David Wilson,Virginia Tech,4.314285714,0.634908903,RB,32,0,21.21369842,1991.452055,70,206,4.38,41,NA,132,7.09,4.12,111.9439879,29.55469388,0,2006,2006,2006,2006,5,5,5,0,0,5,59,113,290,0,0,290,0.106306306,0.201785714,0.506993007,0,0,0.506993007,0.121212121,0.166666667,0.346153846,0,0,0.346153846,334,619,1709,0,0,0.12049062,0.220284698,0.64710337,0,0,0.64710337,20.21369842,15,5,0,0,0,15,0.089449541,0.042476128,0,0,0,0.089449541,0.2,0.05,0,0,0,0.2,0.151779359,0.347974252,0,0,0,0.347974252,584,22,0,0.846153846,0,,,,,,,,,
Knile Davis,Arkansas,4.289130435,0.632369254,RB,96,0,21.90684942,1991.758904,71,227,4.37,33.5,31,121,6.96,4.38,124.4887497,31.65661575,0,2006,2006,2006,2006,4,6,3,0,0,6,33,204,112,0,0,204,0.040942928,0.246079614,0.124860647,0,0,0.246079614,0.090909091,0.288888889,0.046511628,0,0,0.288888889,163,1322,377,0,0,0.047591241,0.338800615,0.090407674,0,0,0.338800615,0,2,7,14,0,0,14,0.000649245,0.018748277,0.02292975,0,0,0.02292975,0,0.017241379,0.021276596,0,0,0.021276596,0.024379562,0.186827268,0.064028777,0,0,0.186827268,0,0,0,0,0,,,,,,,,,
Samaje Perine,Oklahoma,4.171428571,0.620284811,RB,114,0,21.95890442,1995.706849,71,233,4.65,33,30,116,7.26,4.37,99.67221397,32.49335449,0,2006,2006,2006,2006,6,6,5,0,0,6,263,226,196,0,0,263,0.25,0.223099704,0.184037559,0,0,0.25,0.362068966,0.280701754,0.193548387,0,0,0.362068966,1713,1349,1060,0,0,0.325975262,0.291234888,0.197761194,0,0,0.325975262,0,7,7,10,0,0,10,0.018973999,0.012603062,0.012831376,0,0,0.018973999,0,0.013888889,0.014084507,0,0,0.014084507,0.173263559,0.15716753,0.108768657,0,0,0.173263559,0,0,0,0,0,,,,,,,,,
Mike Davis,South Carolina,4.16,0.619093331,RB,126,0,22.53150642,1993.134247,69,217,4.61,34,17,116,7,4.18,96.09173346,32.04179794,0,2006,2006,2006,2006,5,5,4,0,0,5,52,203,199,0,0,203,0.106995885,0.388145315,0.420718816,0,0,0.420718816,0.105263158,0.407407407,0.391304348,0,0,0.407407407,275,1183,982,0,0,0.150437637,0.45308311,0.445149592,0,0,0.45308311,20.53150642,8,10,11,0,0,11,0.011437908,0.119362496,0.111752202,0,0,0.119362496,0,0,0.076923077,0,0,0.076923077,0.084792123,0.293948679,0.305983681,0,0,0.305983681,0,0,0,0,0,,,,,,,,,
Jordan Todman,Connecticut,3.944444444,0.595985844,RB,183,0,21.51780842,1990.147945,69,203,4.4,38,25,126,7.24,4.18,108.3216652,29.97458517,0,2006,2006,2007,2007,6,5,5,0,0,6,47,235,334,0,0,334,0.086397059,0.451055662,0.674747475,0,0,0.674747475,0.111111111,0.466666667,0.7,0,0,0.7,296,1188,1695,0,0,0.103279833,0.497487437,0.7427695,0,0,0.7427695,19.51780842,2,8,4,0,0,8,0.002207506,0.070342205,0.05026738,0,0,0.070342205,0,0,0,0,0,0,0.052337753,0.287479062,0.391980719,0,0,0.391980719,506,20,0,0.606060606,0,,,,,,,,,
Paul Perkins,UCLA,3.936,0.59505509,RB,149,0,21.79178042,1994.873973,70,208,4.54,32,19,124,NA,NA,97.91966504,29.84163265,0,2006,2006,2006,2006,4,6,5,0,0,6,134,250,237,0,0,250,0.243636364,0.460405157,0.53258427,0,0,0.53258427,0.166666667,0.346153846,0.538461538,0,0,0.538461538,573,1572,1343,0,0,0.217870722,0.567713976,0.569792109,0,0,0.569792109,19.79178042,12,7,8,0,0,12,0.099395567,0.063587472,0.068867388,0,0,0.099395567,0,0.090909091,0.045454545,0,0,0.090909091,0.165209125,0.320151679,0.336232499,0,0,0.336232499,0,0,0,0,0,,,,,,,,,
Robert Turbin,Utah State,3.885416667,0.589437599,RB,106,0,22.74794542,1989.917808,70,222,4.42,36,28,122,7.16,4.31,116.3305798,31.85020408,0,2006,2006,2006,2006,5,4,6,6,0,6,3,106,207,249,0,249,0.006396588,0.244239631,0.426804124,0.408866995,0,0.426804124,0,0.444444444,0.52,0.513513514,0,0.52,17,485,1296,1517,0,0.011265739,0.291116447,0.553373185,0.409889219,0,0.553373185,18.74794542,12,13,10,0,0,13,0.121615202,0.164372788,0.081467365,0,0,0.164372788,0.142857143,0.357142857,0.210526316,0,0,0.357142857,0.222388956,0.365926558,0.228046474,0,0,0.365926558,0,0,0,0,0,,,,,,,,,
Kerwynn Williams,Utah State,3.807692308,0.580661847,RB,230,0,22.22739742,1991.438356,68,195,4.48,35,17,118,7.15,4.15,96.81720726,29.64641003,0,2006,2006,2006,2006,5,6,6,0,0,6,81,81,218,0,0,218,0.156976744,0.133004926,0.472885033,0,0,0.472885033,0.166666667,0.081081081,0.5,0,0,0.5,451,542,1512,0,0,0.216514642,0.146446906,0.560622914,0,0,0.560622914,21.22739742,9,9,15,0,0,15,0.054080629,0.028545537,0.252170767,0,0,0.252170767,0,0,0.227272727,0,0,0.227272727,0.134661546,0.081734666,0.409529106,0,0,0.409529106,1444,53,98,5.888888889,0.37037037,,,,,,,,,
Jordan Wilkins,Ole Miss,3.80333333,0.580164389,RB,169,0,24.1,1994.5,72.64,216,4.57,36,16,117,NA,4.22,99.04189621,29.48,2007,2007,2008,2008,2009,6,5,6,0,0,6,52,72,155,0,0,155,0.11111111,0.15859031,0.41891892,0,0,0.41891892,0.04761905,0.13793103,0.47368421,0,0,0.47368421,361,379,1011,0,0,0.17524272,0.15526424,0.62100737,0,0,0.62100737,0,6,15,9,0,0,15,0.00174723,0.01753976,0.06513514,0,0,0.06513514,0,0,0.03703704,0,0,0.03703704,0.00145631,0.01536256,0.0740172,0,0,0.0740172,11,1,0,0.02941176,0,,,,,,,,,
Kalen Ballage,Arizona State,3.729166667,0.571611794,RB,131,0,22.69315042,1995.972603,73,228,4.46,33.5,15,122,6.91,4.35,115.2458798,30.07768812,0,2006,2006,2006,2006,3,5,4,4,0,5,42,125,126,157,0,157,0.084337349,0.236294896,0.265263158,0.277876106,0,0.277876106,0.15,0.210526316,0.518518519,0.222222222,0,0.518518519,126,653,536,669,0,0.056910569,0.279537671,0.334373051,0.287618229,0,0.334373051,20.69315042,10,5,10,4,0,10,0.018327606,0.015678077,0.177517033,0.028121137,0,0.177517033,0.03030303,0,0.066666667,0,0,0.066666667,0.042908762,0.152611301,0.313474735,0.163370593,0,0.313474735,437,21,0,1.166666667,0.045454545,,,,,,,,,
Storm Johnson,UCF,3.53333333,0.54818461,RB,222,0,22.5,1992.7,71.63,209,4.6,35.5,16,116,NA,NA,93.35658463,29.33,2007,2007,2008,2008,2009,4,5,0,0,0,5,113,213,0,0,0,213,0.21730769,0.46813187,0,0,0,0.46813187,0.12121212,0.5,0,0,0,0.5,507,1139,0,0,0,0.19827923,0.5375177,0,0,0,0.5375177,0,2,8,0,0,0,8,0.0063674,0.0764481,0,0,0,0.0764481,0,0.13043478,0,0,0,0.13043478,0.00391083,0.06134969,0,0,0,0.06134969,0,0,0,0,0,,,,,,,,,
Cameron Artis-Payne,Auburn,3.491304348,0.542987709,RB,174,0,25.19178042,1990.473973,70,212,4.53,36.5,NA,118,7.13,4.25,100.6869183,30.4155102,0,2006,2006,2006,2006,6,5,0,0,0,6,91,303,0,0,0,303,0.126917713,0.503322259,0,0,0,0.503322259,0.125,0.40625,0,0,0,0.40625,610,1608,0,0,0,0.131578947,0.482158921,0,0,0,0.482158921,24.19178042,4,11,0,0,0,11,0.00165426,0.051815298,0,0,0,0.051815298,0,0,0,0,0,0,0.06622088,0.263118441,0,0,0,0.263118441,0,0,0,0,0,,,,,,,,,
De'Anthony Thomas,Oregon,3.344117647,0.524281548,RB,124,0,21.65479442,1993.010959,69,174,4.39,32,8,124,6.94,4.23,93.69602422,25.69250158,0,2006,2006,2006,2006,10,7,6,0,0,10,55,92,96,0,0,96,0.058949625,0.0835604,0.105494505,0,0,0.105494505,0.12962963,0.148648649,0.140350877,0,0,0.148648649,595,701,594,0,0,0.109174312,0.115695659,0.117927338,0,0,0.117927338,0,13,9,11,0,0,13,0.101407979,0.069153069,0.029331108,0,0,0.101407979,0.195652174,0.087719298,0.014492754,0,0,0.195652174,0.110091743,0.094570061,0.083382966,0,0,0.110091743,983,36,222,0.461538462,0.684210526,,,,,,,,,
Brian Hill,Wyoming,3.175862069,0.501861632,RB,156,0,21.81095842,1995.854795,73,219,4.54,34,15,125,7.03,4.32,103.0981089,28.89041096,0,2006,2006,2006,2006,5,5,5,0,0,5,145,281,349,0,0,349,0.325112108,0.594080338,0.555732484,0,0,0.594080338,0.411764706,0.5,0.709677419,0,0,0.709677419,796,1631,1860,0,0,0.406537283,0.737008586,0.641158221,0,0,0.737008586,18.81095842,15,6,8,0,0,15,0.080632411,0.062411348,0.02133758,0,0,0.080632411,0,0,0,0,0,0,0.255362615,0.398328061,0.332126853,0,0,0.398328061,27,1,0,0.03030303,0,,,,,,,,,
Delone Carter,Syracuse,3.074074074,0.487714328,RB,119,0,24.19452042,1987.471233,69,222,4.54,37,27,120,6.92,4.07,104.5104117,32.78008822,0,2006,2007,2007,2007,4,6,4,5,0,6,156,23,236,231,0,236,0.371428571,0.058974359,0.570048309,0.52739726,0,0.570048309,0.5,0,0.733333333,0.642857143,0,0.733333333,713,137,1021,1233,0,0.488356164,0.074014046,0.645385588,0.649973643,0,0.649973643,19.19452042,5,10,5,0,0,10,0.025683975,0.050236153,0.019280206,0,0,0.050236153,0,0.066666667,0,0,0,0.066666667,0.259931507,0.359671302,0.336847654,0,0,0.359671302,0,0,0,0,0,,,,,,,,,
David Cobb,Minnesota,3.057142857,0.485315733,RB,138,0,22.24657542,1993.419178,71,229,4.81,38.5,17,121,7.01,4.55,85.56283631,31.93552866,0,2006,2006,2006,2006,5,8,5,5,0,8,10,1,237,315,0,315,0.021551724,0.001960784,0.412173913,0.531197302,0,0.531197302,0,0,0.304347826,0.40625,0,0.40625,57,8,1202,1629,0,0.029457364,0.003970223,0.469347911,0.575821845,0,0.575821845,20.24657542,3,10,10,0,0,10,0.001363636,0.099371788,0.096313912,0,0,0.099371788,0,0,0,0,0,0,0.002729529,0.268645061,0.316542948,0,0,0.316542948,0,0,0,0,0,,,,,,,,,
Evan Royster,Penn State,3.01875,0.479827148,RB,177,0,23.76438342,1987.90137,73,212,4.65,34,20,113,7.07,4.18,90.68888138,27.96697317,0,2006,2006,2007,2007,6,6,5,4,0,6,82,191,205,208,0,208,0.157389635,0.376725838,0.442764579,0.470588235,0,0.470588235,0.185185185,0.333333333,0.3,0.375,0,0.375,513,1236,1169,1014,0,0.201097609,0.456762749,0.527051398,0.537645811,0,0.537645811,20.76438342,6,9,11,8,0,11,0.006756757,0.051580699,0.064571823,0.072557471,0,0.072557471,0,0,0.086956522,0.055555556,0,0.086956522,0.104076833,0.257021434,0.305680794,0.322375398,0,0.322375398,0,0,8,0,0.22,,,,,,,,,
Alex Green,Hawai'i,2.96206897,0.471595167,RB,96,0,22.7,1988.5,72.25,225,4.45,34,20,114,6.91,NA,114.7552253,31.03,2007,2007,2008,2008,2009,5,8,0,0,0,8,86,146,0,0,0,146,0.29965157,0.49659864,0,0,0,0.49659864,0.16666667,0.72,0,0,0,0.72,453,1199,0,0,0,0.33357879,0.74058061,0,0,0,0.74058061,0,8,13,0,0,0,13,0.02288116,0.07036247,0,0,0,0.07036247,0.04166667,0.02439024,0,0,0,0.04166667,0.03608247,0.11210624,0,0,0,0.11210624,17,1,0,0.01492537,0,,,,,,,,,
Mike James,Miami,2.74105263,0.437917374,RB,189,0,21.720548,1991.27945,70,223,4.53,35,28,115,NA,4.62,105.9112395,31.9936735,2007,2007,2008,2008,2009,3,5,3,4,0,5,15,70,72,147,0,147,0.01882058,0.07709251,0.09399478,0.2082153,0,0.2082153,0.03333333,0.09090909,0.24137931,0.23076923,0,0.24137931,46,398,275,621,0,0.01563562,0.1024453,0.10318949,0.21935712,0,0.21935712,0,7,4,8,11,0,11,0.01595502,0.00848356,0.01270446,0.05070007,0,0.05070007,0,0.02564103,0.02272727,0.06521739,0,0.06521739,0.017845,0.00720721,0.01500938,0.06075592,0,0.06075592,404,19,0,0.17924528,0,,,,,,,,,
Mark Walton,Miami,2.5952381,0.414177208,RB,112,0,20.761644,1997.23836,70,202,4.6,31.5,18,118,NA,NA,90.22980907,28.9808163,2007,2007,2008,2008,2009,3,5,7,0,0,7,129,209,56,0,0,209,0.15486194,0.22742111,0.06526807,0,0,0.22742111,0.33333333,0.42424242,0.09677419,0,0,0.42424242,450,1117,428,0,0,0.13416816,0.27869261,0.10910018,0,0,0.27869261,0,13,8,13,0,0,13,0.05038693,0.03796267,0.01538462,0,0,0.05038693,0.02857143,0.01886792,0,0,0,0.02857143,0.04367919,0.02994012,0.01159827,0,0,0.04367919,300,19,0,0.27142857,0,,,,,,,,,
Christine Michael,Texas A&M,2.568181818,0.409625767,RB,62,0,22.81095842,1990.854795,70,220,4.54,43,27,125,6.69,4.02,103.5688765,31.56326531,0,2006,2006,2006,2006,5,5,6,4,0,6,166,126,149,88,0,166,0.313207547,0.250497018,0.29740519,0.168260038,0,0.313207547,0.4,0.210526316,0.275862069,0.260869565,0,0.4,844,631,899,417,0,0.345335516,0.288787185,0.343917368,0.131795196,0,0.345335516,0,4,13,4,6,0,13,0.018358832,0.05075846,0.009335823,0.011805214,0,0.05075846,0,0,0.035714286,0,0,0.035714286,0.186170213,0.184210526,0.178653405,0.073482933,0,0.186170213,201,9,0,0.142857143,0,,,,,,,,,
Ka'Deem Carey,Arizona,2.4,0.380211242,RB,117,0,21.83835642,1992.827397,69,207,4.69,32.5,19,115,7.08,4.38,85.56752497,30.56521739,0,2006,2006,2006,2006,4,6,5,0,0,6,91,303,349,0,0,349,0.122311828,0.268141593,0.283739837,0,0,0.283739837,0.157894737,0.383333333,0.263888889,0,0,0.383333333,425,1929,1885,0,0,0.142665324,0.339373681,0.301841473,0,0,0.339373681,0,13,8,6,0,0,13,0.024273586,0.04362851,0.028519618,0,0,0.04362851,0.037037037,0.016129032,0.023255814,0,0,0.037037037,0.105404498,0.196340605,0.164771817,0,0,0.196340605,549,26,0,0.257425743,0,,,,,,,,,
Dwayne Washington,Washington,2.396666667,0.379607636,RB,236,0,22.35616442,1994.309589,73,223,4.48,37.5,NA,127,6.85,4.22,110.7191652,30.13,0,2006,2006,2006,2006,7,5,6,0,0,7,47,132,47,0,0,132,0.056490385,0.158273381,0.062583222,0,0,0.158273381,0.088888889,0.321428571,0.114285714,0,0,0.321428571,332,697,282,0,0,0.082178218,0.20818399,0.082770766,0,0,0.20818399,0,5,6,12,0,0,12,0.00061252,0.010779436,0.040081435,0,0,0.040081435,0.016666667,0,0.054545455,0,0,0.054545455,0.041707921,0.117682198,0.087613736,0,0,0.117682198,22,2,0,0.028169014,0,,,,,,,,,
Josh Robinson,Mississippi State,2.24,0.350248018,RB,205,0,23.02191742,1992.643836,68,217,4.7,32,21,113,7.24,4.58,88.94024015,32.99113322,0,2006,2006,2006,2006,6,5,6,0,0,6,55,78,190,0,0,190,0.13253012,0.150289017,0.335689046,0,0,0.335689046,0.055555556,0.103448276,0.379310345,0,0,0.379310345,335,459,1203,0,0,0.177813163,0.18455971,0.390204346,0,0,0.390204346,22.02191742,2,9,13,0,0,13,0.002594875,0.037544891,0.11283928,0,0,0.11283928,0,0,0.033333333,0,0,0.033333333,0.091029724,0.11540008,0.25510866,0,0,0.25510866,0,0,0,0,0,,,,,,,,,
Chris Rainey,Florida,2.233333333,0.348953548,RB,159,0,24.50136942,1988.164384,68,180,4.36,36.5,16,120,6.5,3.93,99.62229531,27.36591696,0,2006,2006,2006,2006,10,7,6,7,5,10,1,84,89,51,171,171,0.000426076,0.036238136,0.038611714,0.021537162,0.079981291,0.079981291,0,0.032258065,0.043478261,0.018018018,0.023529412,0.043478261,10,652,575,366,861,0.00098464,0.059251181,0.054861177,0.03456417,0.09645978,0.09645978,0,12,16,8,12,0,16,0.002553661,0.010616551,0.017335474,0.030099542,0,0.030099542,0,0.009708738,0.037974684,0.027777778,0,0.037974684,0.031306798,0.035111154,0.027481349,0.069572037,0,0.069572037,162,7,106,0.025925926,0.089473684,,,,,,,,,
Stepfan Taylor,Stanford,2.119565217,0.326246784,RB,140,0,22.23013742,1991.435616,69,214,4.76,30,17,110,7.13,4.5,83.37118188,31.59882378,0,2006,2006,2006,2006,5,5,5,4,0,5,56,223,242,322,0,322,0.10626186,0.425572519,0.475442043,0.608695652,0,0.608695652,0.052631579,0.441176471,0.3125,0.565217391,0,0.565217391,303,1137,1330,1530,0,0.106203996,0.405781585,0.483636364,0.612244898,0,0.612244898,19.23013742,14,9,7,7,0,14,0.016044776,0.085751128,0.052891601,0.114069952,0,0.114069952,0,0.032258065,0.055555556,0.117647059,0,0.117647059,0.060637925,0.250356888,0.274909091,0.363545418,0,0.363545418,17,1,0,0.023255814,0,,,,,,,,,
Marion Grice,Arizona State,2,0.301029996,RB,201,0,23.39452042,1991.271233,73,208,4.67,32,NA,115,7.06,4.41,87.46328974,27.43929443,0,2006,2006,2006,2006,6,5,0,0,0,6,103,191,0,0,0,191,0.175170068,0.322635135,0,0,0,0.322635135,0.407407407,0.388888889,0,0,0,0.407407407,679,996,0,0,0,0.250645995,0.360086768,0,0,0,0.360086768,21.39452042,10,8,0,0,0,10,0.144361413,0.133333333,0,0,0,0.144361413,0.32,0.272727273,0,0,0,0.32,0.203765227,0.259219089,0,0,0,0.259219089,507,21,0,0.875,0,,,,,,,,,
Johnathan Franklin,UCLA,1.972727273,0.295067049,RB,125,0,23.85753442,1989.808219,70,205,4.49,31.5,18,115,6.89,4.31,100.8784714,29.41122449,0,2006,2006,2006,2006,4,5,5,6,0,6,126,214,166,282,0,282,0.305825243,0.448637317,0.306839187,0.478777589,0,0.478777589,0.416666667,0.4,0.217391304,0.448275862,0,0.448275862,566,1127,976,1734,0,0.366343042,0.52885969,0.383949646,0.639616378,0,0.639616378,19.85753442,9,6,8,9,0,9,0.020077492,0.038650307,0.027387121,0.091918042,0,0.091918042,0,0,0.058823529,0.074074074,0,0.074074074,0.201618123,0.279211638,0.206530291,0.379380302,0,0.379380302,5,1,0,0.022222222,0,,,,,,,,,
Da'Rel Scott,Maryland,1.915,0.282168778,RB,221,0,23.26575342,1988.4,71,211,4.4,34,19,117,7.15,4.2,112.5904993,29.42531244,0,2006,2006,2006,2006,9,5,5,5,0,9,14,209,85,122,0,209,0.026871401,0.495260664,0.211442786,0.287735849,0,0.495260664,0,0.444444444,0.307692308,0.238095238,0,0.444444444,135,1133,425,708,0,0.072933549,0.53952381,0.32717475,0.3776,0,0.53952381,20.26575342,57,8,9,12,0,57,0.022033243,0.067965024,0.0459247,0.06486074,0,0.067965024,0.125,0,0,0.125,0,0.125,0.051863857,0.31047619,0.206312548,0.234133333,0,0.31047619,33,2,0,0.039215686,0,,,,,,,,,
Rex Burkhead,Nebraska,1.707692308,0.232409622,RB,190,0,23.16712342,1990.49863,70,214,4.73,39,21,125,6.85,4.09,85.50651497,30.70244898,0,2006,2006,2006,2006,4,5,4,6,0,6,81,172,284,98,0,284,0.161354582,0.276527331,0.478114478,0.150306748,0,0.478114478,0.15,0.21875,0.483870968,0.151515152,0,0.483870968,349,951,1357,675,0,0.163849765,0.27186964,0.471835883,0.189234651,0,0.471835883,21.16712342,6,9,8,8,0,9,0.037974684,0.075510204,0.091331269,0.032716927,0,0.091331269,0.066666667,0,0.181818182,0.090909091,0,0.181818182,0.103051643,0.157089766,0.266689847,0.107513317,0,0.266689847,15,1,73,0.03125,0.62962963,,,,,,,,,
Jamie Harper,Clemson,1.669565217,0.222603388,RB,130,0,21.97260242,1989.693151,71,233,4.53,36.5,24,120,7.16,4.39,110.6606224,32.49335449,0,2006,2006,2007,2007,3,5,3,0,0,5,34,80,197,0,0,197,0.080952381,0.166320166,0.440715884,0,0,0.440715884,0.045454545,0.166666667,0.368421053,0,0,0.368421053,133,418,760,0,0,0.079688436,0.171733772,0.41281912,0,0,0.41281912,20.97260242,5,4,8,0,0,8,0.007467994,0.018567639,0.143949618,0,0,0.143949618,0,0,0.214285714,0,0,0.214285714,0.04613541,0.095932621,0.293318848,0,0,0.293318848,34,4,3,0.095238095,0.020408163,,,,,,,,,
John Kelly,Tennessee,1.625,0.210853365,RB,176,0,21.90958942,1996.756164,70,216,4.64,35,15,120,7.13,4.51,93.19912277,30.98938776,0,2006,2006,2006,2006,4,6,4,0,0,6,40,98,189,0,0,189,0.036133695,0.104925054,0.225,0,0,0.225,0.018181818,0.087719298,0.310344828,0,0,0.310344828,165,630,778,0,0,0.033769955,0.119227858,0.231478727,0,0,0.231478727,0,8,8,0,0,0,8,0.006994925,0.059196199,0,0,0,0.059196199,0,0,0,0,0,0,0.064439818,0.160220173,0,0,0,0.160220173,0,1,0,0.013513514,0,,,,,,,,,
Baron Batch,Texas Tech,1.5,0.176091259,RB,232,0,23.69589042,1987.969863,69,207,4.56,39,NA,126,7.03,4.32,95.75048236,30.74,0,2006,2006,2006,2006,4,6,5,4,0,6,9,113,168,177,0,177,0.04109589,0.357594937,0.536741214,0.416470588,0,0.536741214,0.076923077,0.25,0.583333333,0.294117647,0,0.583333333,43,758,884,816,0,0.038738739,0.489347966,0.645255474,0.432432432,0,0.645255474,20.69589042,6,10,6,7,0,10,0.008604407,0.09122308,0.085257932,0.057653061,0,0.09122308,0,0.02173913,0.027027027,0.083333333,0,0.083333333,0.037837838,0.389606198,0.466788321,0.276099629,0,0.466788321,0,0,0,0,0,,,,,,,,,
Dion Lewis,Pittsburgh,1.341666667,0.12764463,RB,149,0,20.92876742,1990.736986,67,193,4.56,34.5,17,112,6.9,4.18,89.27460432,30.22477166,0,2006,2006,2007,2007,5,4,0,0,0,5,325,219,0,0,0,325,0.697424893,0.468950749,0,0,0,0.697424893,0.68,0.541666667,0,0,0,0.68,1799,1061,0,0,0,0.738202708,0.481397459,0,0,0,0.738202708,18.92876742,7,8,0,0,0,8,0.073885848,0.09,0,0,0,0.09,0.045454545,0,0,0,0,0.045454545,0.407878539,0.289700544,0,0,0,0.407878539,0,0,0,0,0,,,,,,,,,
Kenjon Barner,Oregon,1.315789474,0.119186408,RB,182,0,24.34520542,1989.320548,69,196,4.52,35.5,20,122,6.87,4.2,93.91443018,28.94097879,0,2006,2006,2006,2006,6,6,6,6,0,6,61,91,152,278,0,278,0.062757202,0.091733871,0.162915327,0.252497729,0,0.252497729,0.046875,0.1,0.203703704,0.283783784,0,0.283783784,366,551,939,1767,0,0.072893846,0.105293331,0.172293578,0.291632283,0,0.291632283,0,7,9,10,12,0,12,0.005138746,0.021821461,0.028808517,0.038647343,0,0.038647343,0,0.041666667,0.057692308,0.033333333,0,0.057692308,0.039434376,0.064207911,0.103027523,0.16694174,0,0.16694174,1020,41,137,0.650793651,0.333333333,,,,,,,,,
Isaiah Pead,Cincinnati,1.156,0.062957834,RB,50,0,22.71506842,1989.950685,70,197,4.39,33,NA,116,6.95,4.32,106.0811309,28.26346939,0,2006,2006,2006,2006,6,6,6,5,0,6,30,121,157,237,0,237,0.067873303,0.34870317,0.394472362,0.482688391,0,0.482688391,0,0.391304348,0.4,0.428571429,0,0.428571429,194,806,1029,1259,0,0.113450292,0.437567861,0.540725171,0.538034188,0,0.540725171,19.71506842,5,10,7,8,0,10,0.003115265,0.052714398,0.064669843,0.134146341,0,0.134146341,0,0.054054054,0.038461538,0.176470588,0,0.176470588,0.05994152,0.273344191,0.320283762,0.337179487,0,0.337179487,0,0,74,0,0.27027027,,,,,,,,,
Jonathan Williams,Arkansas,0.964285714,-0.015794267,RB,156,0,22.57808242,1994.087671,71,220,4.56,NA,16,NA,6.97,4.29,101.7637977,30.68042055,0,2006,2006,2006,2006,5,6,5,0,0,6,45,150,211,0,0,211,0.050167224,0.145914397,0.187056738,0,0,0.187056738,0,0.088888889,0.179104478,0,0,0.179104478,231,900,1190,0,0,0.055395683,0.171526587,0.205137045,0,0,0.205137045,0,26,10,5,0,0,26,0.030606239,0.01658604,0.011278848,0,0,0.030606239,0.043478261,0.074074074,0.045454545,0,0,0.074074074,0.05263789,0.092624357,0.108171005,0,0,0.108171005,0,0,0,0,0,,,,,,,,,
Cyrus Gray,Texas A&M,0.894285714,-0.048523707,RB,182,0,22.78630142,1989.879452,70,206,4.4,32.5,21,114,7.17,4.28,109.922478,29.55469388,0,2006,2006,2006,2006,4,4,5,5,0,5,75,159,200,198,0,200,0.208333333,0.3,0.397614314,0.395209581,0,0.397614314,0.071428571,0.2,0.631578947,0.413793103,0,0.631578947,363,757,1133,1045,0,0.322094055,0.309738134,0.518535469,0.399770467,0,0.518535469,19.78630142,6,8,7,7,0,8,0.020208825,0.065793304,0.074903014,0.0674189,0,0.074903014,0,0.071428571,0.037037037,0.115384615,0,0.115384615,0.187666371,0.201104746,0.316704805,0.245600612,0,0.316704805,642,27,0,0.6,0,,,,,,,,,
Anthony Allen,Georgia Tech,0.766666667,-0.115393419,RB,225,0,23.07123242,1988.594521,73,228,4.56,41.5,24,120,6.79,4.06,105.4642994,30.07768812,0,2006,2006,2006,2006,9,5,0,0,0,9,64,240,0,0,0,240,0.082474227,0.32,0,0,0,0.32,0.127659574,0.225806452,0,0,0,0.225806452,618,1316,0,0,0,0.147388505,0.312440646,0,0,0,0.312440646,0,22,29,0,0,0,29,0.067388688,0.08773679,0,0,0,0.08773679,0.1,0.125,0,0,0,0.125,0.087049845,0.166666667,0,0,0,0.166666667,29,2,0,0.038461538,0,,,,,,,,,
T.J. Logan,North Carolina,0.690909091,-0.160579093,RB,179,0,22.99452042,1994.671233,69,196,4.37,33.5,17,121,6.61,4.27,107.4880834,28.94097879,0,2006,2006,2006,2006,5,4,6,5,0,6,93,119,66,120,0,120,0.19057377,0.243353783,0.127659574,0.29925187,0,0.29925187,0.210526316,0.115384615,0.125,0.333333333,0,0.333333333,533,582,400,650,0,0.266100849,0.281295312,0.126662445,0.33748702,0,0.33748702,21.99452042,12,5,13,8,0,13,0.035611717,0.041474654,0.042849035,0.068404822,0,0.068404822,0,0,0.033333333,0.111111111,0,0.111111111,0.164003994,0.175447076,0.087238759,0.232087227,0,0.232087227,690,21,0,1.75,0,,,,,,,,,
Dri Archer,Kent State,0.665,-0.177178355,RB,97,0,23.06035342,1991.6054,68,173,4.26,38,20,NA,6.86,4.06,105.060074,27.14,0,2006,2006,2006,2006,4,3,9,7,0,9,58,40,159,68,0,159,0.151041667,0.106382979,0.27943761,0.158878505,0,0.27943761,0.111111111,0.066666667,0.444444444,0.375,0,0.444444444,246,140,1429,527,0,0.168608636,0.100430416,0.4450327,0.238677536,0,0.4450327,21.06035342,12,4,14,13,0,14,0.099312124,0.032133676,0.327304551,0.1711146,0,0.327304551,0.230769231,0.1,0.4,0.4,0,0.4,0.163468129,0.077116212,0.309872314,0.193387681,0,0.309872314,591,22,12,0.846153846,0.186046512,,,,,,,,,
Daniel Lasco,California,0.63,-0.200659451,RB,237,0,23.89589042,1992.769863,73,209,4.46,41.5,23,135,7.22,4.26,105.6420565,27.57121411,0,2006,2006,2006,2006,18,4,5,5,0,18,6,67,210,65,0,210,0.013452915,0.15952381,0.482758621,0.149769585,0,0.482758621,0.055555556,0.2,0.545454545,0.1875,0,0.545454545,109,317,1115,331,0,0.049232159,0.203989704,0.600107643,0.162334478,0,0.600107643,21.89589042,7,10,6,0,0,10,0.02,0.093782929,0.004930156,0,0,0.093782929,0,0.057142857,0,0,0,0.057142857,0.127091377,0.395855759,0.087052477,0,0,0.395855759,42,3,0,0.056603774,0,,,,,,,,,
David Williams,Arkansas,0.6,-0.22184875,RB,226,0,24.20821942,1994.457534,72.13,224,4.5,30.5,NA,114,7.55,4.52,109.2516385,31,0,2006,2006,2006,2006,5,0,0,0,0,5,117,0,0,0,0,117,0.126486486,0,0,0,0,0.126486486,0.195121951,0,0,0,0,0.195121951,656,0,0,0,0,0.164287503,0,0,0,0,0.164287503,0,17,0,0,0,0,17,0.026677067,0,0,0,0,0.026677067,0.037037037,0,0,0,0,0.037037037,0.103556223,0,0,0,0,0.103556223,0,0,0,0,0,,,,,,,,,
Johnny White,North Carolina,0.415789474,-0.381126509,RB,133,0,23.57534242,1988.090411,70,209,4.5,32.5,NA,117,7.07,4.31,101.9356805,29.98510204,0,2006,2006,2007,2007,4,0,7,5,0,7,95,2,19,130,0,130,0.23989899,0.004555809,0.040685225,0.302325581,0,0.302325581,0,0,0.071428571,0.388888889,0,0.388888889,399,0,143,720,0,0.29753915,0,0.077759652,0.403135498,0,0.403135498,19.57534242,10,0,9,12,0,12,0.06223092,0,0.029891304,0.091603053,0,0.091603053,0,0,0.076923077,0,0,0.076923077,0.208053691,0.056824361,0.282194849,0,0,0.282194849,369,18,0,0.818181818,0,,,,,,,,,
Darius Jackson,Eastern Michigan,0.4,-0.397940009,RB,216,0,22.75068542,1993.915068,72,220,4.4,41,NA,133,6.87,4.29,117.3929376,30.56,0,2006,2006,2006,2006,4,4,5,5,0,5,3,49,44,208,0,208,0.006912442,0.111363636,0.110552764,0.501204819,0,0.501204819,0,0.153846154,0,0.7,0,0.7,12,201,222,1078,0,0.006085193,0.104307213,0.154166667,0.564397906,0,0.564397906,21.75068542,8,8,9,0,0,9,0.012316438,0.078848561,0.080755323,0,0,0.080755323,0,0.181818182,0.125,0,0,0.181818182,0.058899844,0.120833333,0.334816754,0,0,0.334816754,94,5,0,0.078125,0,,,,,,,,,
Marcus Murphy,Missouri,0.358823529,-0.445119087,RB,230,0,23.91232842,1991.753425,69,198,4.61,29,11,109,7.13,4.4,87.67817154,29.2362949,0,2006,2006,2006,2006,8,5,6,5,0,8,22,46,92,177,0,177,0.051643192,0.103370787,0.159722222,0.33908046,0,0.33908046,0.071428571,0.0625,0.257142857,0.235294118,0,0.257142857,181,251,601,924,0,0.087864078,0.148082596,0.179778642,0.366666667,0,0.366666667,22.91232842,2,2,7,7,0,7,0.001521144,0.008464794,0.022825773,0.086920869,0,0.086920869,0,0,0.033333333,0.041666667,0,0.041666667,0.045145631,0.080530973,0.101705055,0.225396825,0,0.225396825,599,27,374,9,13.5,,,,,,,,,
Matthew Dayes,NC State,0.35652174,-0.447913983,RB,252,0,22,1995.8,68.63,205,4.7,28,18,109,7.26,4.51,84.02188586,31.34,2007,2007,2008,2008,2009,4,5,6,4,0,6,63,104,134,249,0,249,0.12256809,0.20925553,0.2518797,0.49404762,0,0.49404762,0.28571429,0.30769231,0.33333333,0.43478261,0,0.43478261,252,573,865,1166,0,0.12383292,0.21404557,0.32666163,0.56601942,0,0.56601942,0,17,10,7,8,0,17,0.06364974,0.13770914,0.06690004,0.08568678,0,0.13770914,0.07692308,0.26315789,0,0,0,0.26315789,0.04250614,0.05995517,0.03247734,0.06480583,0,0.06480583,376,22,0,1.46666667,0,,,,,,,,,
Jeremy McNichols,Boise State,0.266666667,-0.574031267,RB,162,0,21.68219142,1995.983562,69,214,4.49,35.5,NA,121,6.93,4.28,105.3072823,31.59882378,0,2006,2006,2006,2006,9,5,5,0,0,9,17,240,314,0,0,314,0.028764805,0.445269017,0.636916836,0,0,0.636916836,0.025641026,0.555555556,0.793103448,0,0,0.793103448,159,1337,1709,0,0,0.052182475,0.515023112,0.74143167,0,0,0.74143167,19.68219142,10,9,12,0,0,12,0.041103156,0.128276631,0.139247944,0,0,0.139247944,0.038461538,0.333333333,0.166666667,0,0,0.333333333,0.051526091,0.346109399,0.473535792,0,0,0.473535792,393,20,0,0.465116279,0,,,,,,,,,
Allen Bradford,USC,0.108333333,-0.965237895,RB,187,0,23.00273942,1988.663014,71,242,4.53,29,28,113,6.97,4.39,114.9350671,33.74846261,0,2006,2006,2006,2007,3,1,4,5,7,7,13,15,14,115,110,115,0.031400966,0.029354207,0.028169014,0.269953052,0.23255814,0.269953052,0.055555556,0.043478261,0.037037037,0.333333333,0.25,0.333333333,42,24,57,668,794,0.024291498,0.008918618,0.02198226,0.299015219,0.319774466,0.319774466,0,11,7,11,2,24,24,0.009714454,0.007499185,0.013193403,0.000692521,0.024065041,0.024065041,0.034482759,0.068965517,0,0,0.037037037,0.068965517,0.021688837,0.008732813,0.019475511,0.149955237,0.174788562,0.174788562,0,0,0,0,0,,,,,,,,,
Marcus Lattimore,South Carolina,0,#NUM!,RB,131,0,21.84109542,1991.824658,71,221,4.65,NA,NA,NA,NA,NA,94.53888106,30.81987701,0,2006,2006,2006,2006,4,5,4,0,0,5,249,163,143,0,0,249,0.484435798,0.301851852,0.294238683,0,0,0.484435798,0.653846154,0.357142857,0.578947368,0,0,0.653846154,1197,818,662,0,0,0.539918809,0.323575949,0.36214442,0,0,0.539918809,18.84109542,14,9,6,0,0,14,0.140806562,0.083601286,0.059206023,0,0,0.140806562,0.095238095,0.055555556,0,0,0,0.095238095,0.362877763,0.19778481,0.228391685,0,0,0.362877763,0,0,0,0,0,,,,,,,,,
Jawan Jamison,Rutgers,0,#NUM!,RB,228,0,21.77260242,1991.893151,67,203,4.68,29,20,110,NA,NA,84.63356234,31.79082201,0,2006,2006,2006,2006,3,4,0,0,0,4,231,255,0,0,0,255,0.515625,0.607142857,0,0,0,0.607142857,0.642857143,0.666666667,0,0,0,0.666666667,897,1075,0,0,0,0.606081081,0.65309842,0,0,0,0.65309842,19.77260242,7,11,0,0,0,11,0.020169161,0.135259631,0,0,0,0.135259631,0,0.095238095,0,0,0,0.095238095,0.323986486,0.424665857,0,0,0,0.424665857,0,0,0,0,0,,,,,,,,,
Lache Seastrunk,Baylor,0,#NUM!,RB,186,0,23.09315042,1991.572603,69,201,4.51,41.5,15,134,6.81,4.36,97.16724417,29.67926906,0,2006,2006,2006,2006,7,7,0,0,0,7,131,158,0,0,0,158,0.222033898,0.257748777,0,0,0,0.257748777,0.184210526,0.234042553,0,0,0,0.234042553,1012,1177,0,0,0,0.334103665,0.34465593,0,0,0,0.34465593,0,11,0,0,0,0,11,0.024768519,0,0,0,0,0.024768519,0.03030303,0,0,0,0,0.03030303,0.184714427,0,0,0,0,0.184714427,13,1,0,0.020408163,0,,,,,,,,,
Tyler Gaffney,Stanford,0,#NUM!,RB,204,0,23.36712342,1991.29863,71,220,4.49,36.5,NA,116,6.78,4.18,108.2598229,30.68042055,0,2006,2006,2006,2006,4,4,6,5,0,6,22,60,74,330,0,330,0.041745731,0.114503817,0.145383104,0.574912892,0,0.574912892,0.026315789,0.117647059,0.21875,0.7,0,0.7,87,255,449,1709,0,0.030494217,0.091006424,0.163272727,0.584273504,0,0.584273504,22.36712342,19,20,6,5,0,20,0.014530551,0.018137848,0.022291196,0.03189911,0,0.03189911,0,0.066666667,0.027027027,0.05,0,0.066666667,0.022082019,0.05620985,0.096,0.306837607,0,0.306837607,22,1,0,0.023255814,0.051282051,,,,,,,,,
Kelvin Taylor,Florida,0,#NUM!,RB,211,0,22.92602742,1993.739726,70,207,4.6,32,15,113,7.23,4.56,92.46322019,29.69816327,0,2006,2006,2006,2006,4,4,4,0,0,4,111,116,259,0,0,259,0.049158547,0.052041274,0.10969928,0,0,0.10969928,0.046511628,0.070588235,0.125,0,0,0.125,508,565,1035,0,0,0.055555556,0.060401967,0.095913261,0,0,0.095913261,0,7,0,8,0,0,8,0.002952913,0,0.01068909,0,0,0.01068909,0,0,0,0,0,0,0.029800962,0.030200984,0.054906867,0,0,0.054906867,0,0,0,0,0,,,,,,,,,
Keith Marshall,Georgia,0,#NUM!,RB,242,0,22.53972642,1994.126027,71,219,4.31,30.5,25,NA,6.98,4.25,126.9302191,30.54096409,0,2006,2006,2006,2006,6,4,2,5,0,6,117,56,12,68,0,117,0.089041096,0.036387264,0.005067568,0.034,0,0.089041096,0.1,0.012345679,0,0.027777778,0,0.1,759,246,24,350,0,0.107935154,0.032997988,0.001716493,0.03185293,0,0.107935154,0,8,13,0,7,0,13,0.015914655,0.012751292,0,0.003104901,0,0.015914655,0.020833333,0.016666667,0,0.016949153,0,0.020833333,0.060437998,0.023943662,0.000858246,0.017200582,0,0.060437998,18,1,0,0.006993007,0,,,,,,,,,
Zac Brooks,Clemson,0,#NUM!,RB,247,0,23.58082142,1993.084932,72,200,4.54,36,NA,129,7.09,4.38,94.15352408,27.23,0,2006,2006,2006,2006,4,5,5,0,0,5,26,48,41,0,0,48,0.044827586,0.090225564,0.061840121,0,0,0.090225564,0,0.076923077,0.088235294,0,0,0.088235294,119,246,234,0,0,0.047467092,0.107376691,0.068381064,0,0,0.107376691,0,3,13,12,0,0,13,0.002157239,0.019543207,0.026519596,0,0,0.026519596,0,0.026315789,0.060606061,0,0,0.060606061,0.02552852,0.071802706,0.050701344,0,0,0.071802706,0,0,0,0,0,,,,,,,,,
Joe Williams,Utah,0,#NUM!,RB,121,0,23.99178042,1993.673973,71,210,4.41,35,14,125,7.19,4.19,111.0439578,29.28585598,0,2006,2006,2006,2006,4,5,6,0,0,6,104,34,210,0,0,210,0.100483092,0.033366045,0,0,0,0.100483092,0.065217391,0.019230769,0,0,0,0.065217391,477,1407,179,0,0,0.104422067,0.278283228,0,0,0,0.278283228,0,7,11,0,0,0,11,0.017021277,0.020640432,0,0,0,0.020640432,0,0,0,0,0,0,0.061405429,0.149723101,0,0,0,0.149723101,0,0,0,0,0,,,,,,,,,
Donnel Pumphrey,San Diego State,0,#NUM!,RB,132,0,22.73698642,1994.928767,68,176,4.48,33.5,5,117,NA,NA,87.38373578,26.75778547,0,2006,2006,2006,2006,6,6,5,6,0,6,125,276,309,349,0,349,0.249500998,0.544378698,0.466767372,0.548742138,0,0.548742138,0.266666667,0.769230769,0.53125,0.5,0,0.769230769,752,1867,1653,2133,0,0.325682113,0.637854458,0.496545509,0.569711538,0,0.637854458,18.73698642,10,7,14,8,0,14,0.074903969,0.074108384,0.264631043,0.12890625,0,0.264631043,0.117647059,0,0.214285714,0,0,0.214285714,0.213512343,0.346258968,0.31075398,0.315705128,0,0.346258968,63,4,0,0.076923077,0,,,,,,,,,
Elijah Hood,North Carolina,0,#NUM!,RB,242,0,21.36164342,1996.30411,73,232,4.57,31.5,18,113,7.12,7.12,106.378333,30.60536686,0,2006,2006,2006,2006,3,6,5,0,0,6,67,219,145,0,0,219,0.137014315,0.423597679,0.36159601,0,0,0.423597679,0.153846154,0.425,0.380952381,0,0,0.425,259,1463,858,0,0,0.125181247,0.463267891,0.445482866,0,0,0.463267891,19.36164342,0,5,5,0,0,5,0,0.019700333,0.038702644,0,0,0.038702644,0,0,0,0,0,0,0.062590623,0.242875237,0.2596054,0,0,0.2596054,0,0,0,0,0,,,,,,,,,
Kenny Hilliard,LSU,0,#NUM!,RB,235,0,24.3,1991.8,73,226,4.83,27,NA,111,7.17,4.4,83.05196491,29.8138488,2007,2007,2008,2008,2009,5,5,4,5,0,5,62,82,68,90,0,90,0.10726644,0.15769231,0.13492063,0.14802632,0,0.15769231,0.22857143,0.20689655,0.18918919,0.24,0,0.24,336,464,310,447,0,0.11570248,0.18687072,0.11075384,0.15015116,0,0.18687072,0,4,7,0,8,0,8,0.00611765,0.00811437,0,0.01680269,0,0.01680269,0.05,0,0,0,0,0.05,0.00223829,0.00422876,0.0058784,0,0,0.0058784,0,0,0,0,0,,,,,,,,,