Name,PPG,top12,top12b,College,Position,DraftSpot,Age,Birthdate,HT,WT,40,VERT,Bench,Broad,3Cone,Shuttle,SpeedScore,BMI,Season1,Season2,Season3,Season4,Season5,YPC1,YPC2,YPC3,YPC4,YPC5,BestYPC,CAR1,CAR2,CAR3,CAR4,CAR5,BestCAR,RCMS1,RCMS2,RCMS3,RCMS4,RCMS5,BestRCMS,RTDMS1,RTDMS2,RTDMS3,RTDMS4,RTDMS5,BestRTDMS,RY1,RY2,RY3,RY4,RY5,RYMS1,RYMS2,RYMS3,RYMS4,RYMS5,BestRYMS,Breakout Age,YPrec1,YPrec2,YPrec3,YPrec4,YPrec5,BestYPrec,RecYDMS1,RecYDMS2,RecYDMS3,RecYDMS4,RecYDMS5,BestRecYDMS,RecTDMS1,RecTDMS2,RecTDMS3,RecTDMS4,RecTDMS5,BestRecTDMS,DOM1,DOM2,DOM3,DOM4,DOM5,BestDOM,BKRY,BKRN,BPRY,BPRN,BKMS,"BPMS
"
Kyle Rudolph,Notre Dame,7.8076923076923075,1,1,TE,43,0,0,78.0,259.0,4.83,0,0,0,0,0,95.17902173515381,29.927186061801446,2008,2009,2010,2011,0,0,0,0,0,0,0,0,0,0,0,0,0,0,0,0,0,0,0,0,0,0,0,0,0,0,0,0,0,0,0,0,0,0,0,0,0,11.0,11.0,11.0,0,0,11.0,0.11929824561403508,0.10346787947697555,0.11073598919648886,0,0,0.11929824561403508,0.08695652173913043,0.1111111111111111,0.12,0,0,0.12,0,0,0.11929824561403508,0.10346787947697555,0.11073598919648886,0.11929824561403508,0,0,0,0,0,"
"
Lance Kendricks,Wisconsin,5.654347826086957,0,0,TE,47,0,0,75.0,243.0,4.65,34.5,25.0,122.0,6.94,4.15,103.9499913916413,30.369600000000002,0,2008,2009,2010,2011,14.0,0,0,0,0,14.0,7.0,2.0,0,0,0,7.0,0.012237762237762238,0.0035026269702276708,0,0,0,0.012237762237762238,0.0,0.0,0,0,0,0,102.0,0,0,0,0,0.038288288288288286,0.0,0,0,0,0.038288288288288286,22.586301424657677,23.0,12.0,15.0,0,0,23.0,0.061197916666666664,0.14747307373653687,0.3435233160621762,0,0,0.3435233160621762,0.0,0.23076923076923078,0.4166666666666667,0,0,0.4166666666666667,0,0,0.061197916666666664,0.14747307373653687,0.3435233160621762,0.3435233160621762,0,0,0,0,0,"
"
Jordan Cameron,USC,7.340540540540541,1,1,TE,102,0,0,77.0,254.0,4.53,37.5,23.0,119.0,6.82,4.03,120.63432659431557,30.116714454376794,0,2008,2009,2010,2011,6.0,0,0,0,0,6.0,1.0,0,0,0,0,1.0,0.0021141649048625794,0,0,0,0,0.0021141649048625794,0.0,0,0,0,0,0,6.0,0,0,0,0,0.0024164317358034634,0,0,0,0,0.0024164317358034634,0,7.0,0,0,0,0,7.0,0.041680449884220976,0,0,0,0,0.041680449884220976,0.037037037037037035,0,0,0,0,0.037037037037037035,0,0,0,0,0.041680449884220976,0.041680449884220976,0,0,0,0,0,"
"
Luke Stocker,Tennessee,1.865625,0,0,TE,104,0,0,77.0,258.0,4.68,33.0,27.0,115.0,7.03,4.4,107.56383784699617,30.590993422162253,0,2008,2009,2010,2011,0,0,0,0,0,0,0,0,0,0,0,0,0,0,0,0,0,0,0,0,0,0,0,0,0,0,0,0,0,0,0,0,0,0,0,0,2.0,10.0,13.0,10.0,0,13.0,0.0018068331143232589,0.030779450841452612,0.06925405020473563,0.07755253859029199,0,0.07755253859029199,0.018867924528301886,0.0,0.10416666666666667,0.06060606060606061,0,0.10416666666666667,0,0.0018068331143232589,0.030779450841452612,0.06925405020473563,0.07755253859029199,0.07755253859029199,0,0,0,0,0,"
"
D.J. Williams,Arkansas,0.6153846153846154,0,0,TE,141,0,0,74.0,245.0,4.59,33.5,20.0,111.0,7.29,4.51,110.39396646925579,31.452702702702705,0,2007,2008,2009,2010,0,0,0,0,0,0,0,0,0,0,0,0,0,0,0,0,0,0,0,0,0,0,0,0,0,0,0,0,0,0,0,0,0,0,0,0,18.0,12.0,12.0,11.0,0,18.0,0.02099620281438463,0.14675624606340543,0.07142857142857142,0.09271033564985953,0,0.14675624606340543,0.0,0.09375,0.07692307692307693,0.07272727272727272,0,0.09375,0,0.02099620281438463,0.14675624606340543,0.07142857142857142,0.09271033564985953,0.14675624606340543,0,0,0,0,0,"
"
Lee Smith,Marshall,0.8380952380952381,0,0,TE,159,0,0,78.0,266.0,4.94,29.0,25.0,108.0,7.13,4.28,89.3313375317258,30.73602892833662,0,2007,2008,2009,2010,0.0,0,0,0,0,0,1.0,0,0,0,0,1.0,0.0021551724137931034,0,0,0,0,0.0021551724137931034,0.0,0,0,0,0,0,0.0,0,0,0,0,0.0,0,0,0,0,0,0,4.0,7.0,14.0,9.0,0,14.0,0.0027743526510480886,0.0448814926878467,0.14267461669505963,0.1593235425011126,0,0.1593235425011126,0.0,0.0,0.0,0.15789473684210525,0,0.15789473684210525,0,0.0027743526510480886,0.0448814926878467,0.14267461669505963,0.1593235425011126,0.1593235425011126,24.0,3.0,0,0.06521739130434782,0,"
"
Charles Clay,Tulsa,6.747727272727272,1,1,TE,174,0,0,0.0,0,0,0,0,0,0,0,NA,0,0,2007,2008,2009,2010,5.0,5.0,3.0,6.0,0,6.0,57.0,25.0,63.0,34.0,0,63.0,0.10382513661202186,0.03759398496240601,0.1323529411764706,0.06500956022944551,0,0.1323529411764706,0.03571428571428571,0.05,0.3684210526315789,0.0,0,0.3684210526315789,304.0,145.0,236.0,226.0,0,0.12253123740427246,0.03811777076761304,0.12952799121844127,0.07927043142756927,0,0.12952799121844127,18.547945424657655,14.0,12.0,13.0,12.0,0,14.0,0.24556354916067147,0.1279294182519989,0.20526723470178157,0.16264687693259122,0,0.24556354916067147,0.16666666666666666,0.24324324324324326,0.25,0.28,0,0.28,0,0.24556354916067147,0.1279294182519989,0.20526723470178157,0.16264687693259122,0.24556354916067147,0,0,0,0,0,"
"
Virgil Green,Nevada,0.702325581395349,0,0,TE,204,0,0,75.0,249.0,4.54,42.5,23.0,130.0,6.9,4.4,117.22113747926207,31.119466666666668,0,2007,2008,2009,2010,9.0,16.0,4.0,0,0,16.0,2.0,1.0,4.0,0,0,4.0,0.003418803418803419,0.001697792869269949,0.0061162079510703364,0,0,0.0061162079510703364,0.0,0.0,0.0,0,0,0,18.0,16.0,19.0,0,0,0.004945054945054945,0.0035343494588027393,0.004622871046228711,0,0,0.004945054945054945,0,10.0,11.0,14.0,0,0,14.0,0.04748603351955307,0.14192139737991266,0.19346356123215627,0,0,0.19346356123215627,0.047619047619047616,0.3125,0.29411764705882354,0,0,0.3125,0,0,0.04748603351955307,0.14192139737991266,0.19346356123215627,0.19346356123215627,0,0,0,0,0,"
"
Ryan Taylor,North Carolina,0.4111111111111111,0,0,TE,218,0,0,0.0,0,0,0,0,0,0,0,NA,0,0,2007,2008,2009,2010,0,0,0,0,0,0,0,0,0,0,0,0,0,0,0,0,0,0,0,0,0,0,0,0,0,0,0,0,0,0,0,0,0,0,0,0,9.0,0,0,0,0,9.0,0.10638297872340426,0,0,0,0,0.10638297872340426,0.11764705882352941,0,0,0,0,0.11764705882352941,0,0,0,0,0.10638297872340426,0.10638297872340426,0,0,0,0,0,"
"
Daniel Hard,Idaho,0,0,0,TE,238,0,0,76.0,249.0,4.78,0,18.0,0,0,0,95.39327439828241,30.30592105263158,0,2007,2008,2009,2010,0,0,0,0,0,0,0,0,0,0,0,0,0,0,0,0,0,0,0,0,0,0,0,0,0,0,0,0,0,0,0,0,0,0,0,21.983561424657637,14.0,17.0,17.0,0,0,17.0,0.06023529411764706,0.22760210803689065,0.1626865671641791,0,0,0.22760210803689065,0.1111111111111111,0.12,0.038461538461538464,0,0,0.12,0,0,0.06023529411764706,0.22760210803689065,0.1626865671641791,0.22760210803689065,0,0,0,0,0,"
"
Coby Fleener,Stanford,8.620454545454546,2,1,TE,34,0,0,78.0,247.0,4.51,0,27.0,0,0,0,119.40452393190542,28.540598290598293,0,2007,2008,2009,2010,0,0,0,0,0,0,0,0,0,0,0,0,0,0,0,0,0,0,0,0,0,0,0,0,0,0,0,0,0,0,0,0,0,0,0,22.94794542465752,13.0,12.0,15.0,19.0,0,19.0,0.10666666666666667,0.10826210826210826,0.14792092706203136,0.2256427604871448,0,0.2256427604871448,0.0,0.07692307692307693,0.28,0.35714285714285715,0,0.35714285714285715,0,0.10666666666666667,0.10826210826210826,0.14792092706203136,0.2256427604871448,0.2256427604871448,4.0,1.0,0,0.023255813953488372,0,"
"
Dwayne Allen,Clemson,8.036666666666667,0,0,TE,64,0,0,75.0,255.0,4.85,32.0,27.0,110.0,7.12,4.37,92.17289362149008,31.869333333333337,0,2007,2008,2009,2010,0,0,0,0,0,0,0,0,0,0,0,0,0,0,0,0,0,0,0,0,0,0,0,0,0,0,0,0,0,0,0,0,0,0,0,0,10.0,11.0,12.0,0,0,12.0,0.04186046511627907,0.171889400921659,0.17818831942789035,0,0,0.17818831942789035,0.15,0.0625,0.32,0,0,0.32,0,0,0.04186046511627907,0.171889400921659,0.17818831942789035,0.17818831942789035,0,0,0,0,0,"
"
Michael Egnew,Missouri,0.7722222222222223,0,0,TE,78,0,0,77.0,252.0,4.52,36.0,21.0,131.0,7.03,4.32,120.7471245118773,29.879574970484065,0,2007,2008,2009,2010,2.0,0,0,0,0,2.0,3.0,0,0,0,0,3.0,0.005172413793103448,0,0,0,0,0.005172413793103448,0.0,0,0,0,0,0,8.0,0,0,0,0,0.0025078369905956114,0,0,0,0,0.0025078369905956114,20.83287642465757,5.0,8.0,8.0,10.0,0,10.0,0.004776378636561007,0.006764069264069264,0.3011857707509881,0.21029352633695214,0,0.3011857707509881,0.0,0.0,0.4166666666666667,0.15,0,0.4166666666666667,0,0.004776378636561007,0.006764069264069264,0.3011857707509881,0.21029352633695214,0.3011857707509881,0,0,0,0,0,"
"
Evan Rodriguez,Temple,0.305,0,0,TE,111,0,0,0.0,0,0,0,0,0,0,0,NA,0,0,2007,2008,2009,2010,1.0,0,0,0,0,1.0,1.0,0,0,0,0,1.0,0.0023752969121140144,0,0,0,0,0.0023752969121140144,0.0,0,0,0,0,0,1.0,0,0,0,0,0.0005449591280653951,0,0,0,0,0.0005449591280653951,22.945205424657615,11.0,11.0,14.0,0,0,14.0,0.0824332006822058,0.12557193695983732,0.449480642115203,0,0,0.449480642115203,0.3,0.15384615384615385,0.2222222222222222,0,0,0.3,0,0,0.0824332006822058,0.12557193695983732,0.449480642115203,0.449480642115203,0,0,0,0,0,"
"
Orson Charles,Georgia,0.6862068965517242,0,0,TE,116,0,0,74.0,251.0,4.73,0,35.0,0,0,0,100.29035167395392,32.22297297297297,0,2007,2008,2009,2010,0,0,0,0,0,0,0,0,0,0,0,0,0,0,0,0,0,0,0,0,0,0,0,0,0,0,0,0,0,0,0,0,0,0,0,0,16.0,16.0,12.0,0,0,16.0,0.09315068493150686,0.11047120418848168,0.1220757124627818,0,0,0.1220757124627818,0.09375,0.0625,0.11627906976744186,0,0,0.11627906976744186,0,0,0.09315068493150686,0.11047120418848168,0.1220757124627818,0.1220757124627818,0,0,4.0,0,0.011904761904761904,"
"
Adrien Robinson,Cincinnati,0.8421052631578947,0,0,TE,127,0,0,0.0,0,0,0,0,0,0,0,NA,0,0,2007,2008,2009,2010,0,0,0,0,0,0,0,0,0,0,0,0,0,0,0,0,0,0,0,0,0,0,0,0,0,0,0,0,0,0,0,0,0,0,0,0,12.0,17.0,10.0,15.0,0,17.0,0.0033994334277620396,0.0453125,0.021221025138752857,0.07279236276849642,0,0.07279236276849642,0.0,0.02631578947368421,0.038461538461538464,0.17647058823529413,0,0.17647058823529413,0,0.0033994334277620396,0.0453125,0.021221025138752857,0.07279236276849642,0.07279236276849642,0,0,0,0,0,"
"
James Hanna,Oklahoma,0.93125,0,0,TE,186,0,0,76.0,252.0,4.43,36.0,24.0,122.0,6.76,4.11,130.86262617582636,30.67105263157895,0,2007,2008,2009,2010,0,0,0,0,0,0,0,0,0,0,0,0,0,0,0,0,0,0,0,0,0,0,0,0,0,0,0,0,0,0,0,0,0,0,0,0,0,8.0,16.0,14.0,0,16.0,0.0,0.00794044665012407,0.03318181818181818,0.04143105698129622,0,0.04143105698129622,0.0,0.0,0.1044776119402985,0.029850746268656716,0,0.1044776119402985,0,0.0,0.00794044665012407,0.03318181818181818,0.04143105698129622,0.04143105698129622,9.0,2.0,0,0.020833333333333332,0,"
"
Drake Dunsmore,Northwestern,0,0,0,TE,233,0,0,0.0,0,0,0,0,0,0,0,NA,0,0,2007,2008,2009,2010,0,0,0,0,0,0,0,0,0,0,0,0,0,0,0,0,0,0,0,0,0,0,0,0,0,0,0,0,0,0,0,0,0,0,0,0,12.0,11.0,9.0,11.0,0,12.0,0.03965129358830146,0.1633354153653966,0.1418994413407821,0.18756737333812432,0,0.18756737333812432,0.0,0.17647058823529413,0.4166666666666667,0.3,0,0.4166666666666667,0,0.03965129358830146,0.1633354153653966,0.1418994413407821,0.18756737333812432,0.18756737333812432,0,0,0,0,0,"
"
David Paulson,Oregon,0.8218749999999999,0,0,TE,240,0,0,75.0,246.0,4.79,32.0,21.0,110.0,7.18,4.4,93.4594130278856,30.744533333333333,0,2007,2008,2009,2010,0,0,0,0,0,0,0,0,0,0,0,0,0,0,0,0,0,0,0,0,0,0,0,0,0,0,0,0,0,0,0,0,0,0,0,0,15.0,17.0,14.0,0,0,17.0,0.032553228928382895,0.07964939024390244,0.07141692483287135,0,0,0.07964939024390244,0.0,0.08695652173913043,0.12244897959183673,0,0,0.12244897959183673,0,0,0.032553228928382895,0.07964939024390244,0.07141692483287135,0.07964939024390244,0,0,0,0,0,"
"
Brad Smelley,Alabama,0.325,0,0,TE,247,0,0,0.0,0,0,0,0,0,0,0,NA,0,0,2007,2008,2009,2010,1.0,0,0,0,0,1.0,1.0,0,0,0,0,1.0,0.002008032128514056,0,0,0,0,0.002008032128514056,0.0,0,0,0,0,0,1.0,0,0,0,0,0.00035137034434293746,0,0,0,0,0.00035137034434293746,0,14.0,7.0,9.0,10.0,0,14.0,0.04264577893820714,0.019372336303758234,0.016467065868263474,0.14584186808684965,0,0.14584186808684965,0.0,0.0,0.0,0.3333333333333333,0,0.3333333333333333,0,0.04264577893820714,0.019372336303758234,0.016467065868263474,0.14584186808684965,0.14584186808684965,0,0,0,0,0,"
"
Tyler Eifert,Notre Dame,10.12758620689655,1,1,TE,21,0,0,77.0,250.0,4.68,35.5,22.0,119.0,6.92,4.32,104.22852504553892,29.642435486591328,0,2007,2008,2009,2010,0,0,0,0,0,0,0,0,0,0,0,0,0,0,0,0,0,0,0,0,0,0,0,0,0,0,0,0,0,0,0,0,0,0,0,20.980821424657734,13.0,12.0,13.0,0,0,13.0,0.11980939414567733,0.32365981459089077,0.309115523465704,0,0,0.32365981459089077,0.07692307692307693,0.3125,0.4,0,0,0.4,0,0,0.11980939414567733,0.32365981459089077,0.309115523465704,0.32365981459089077,0,0,0,0,0,"
"
Zach Ertz,Stanford,8.96595744680851,1,1,TE,35,0,0,77.0,249.0,4.76,30.5,24.0,111.0,7.08,4.47,97.0066555473176,29.523865744644965,0,2007,2008,2009,2010,0,0,0,0,0,0,0,0,0,0,0,0,0,0,0,0,0,0,0,0,0,0,0,0,0,0,0,0,0,0,0,0,0,0,0,21.808219424657636,11.0,12.0,13.0,0,0,13.0,0.059786028949024544,0.10558437595361611,0.4713910761154856,0,0,0.4713910761154856,0.18518518518518517,0.11764705882352941,0.46153846153846156,0,0,0.46153846153846156,0,0,0.059786028949024544,0.10558437595361611,0.4713910761154856,0.4713910761154856,0,0,0,0,0,"
"
Gavin Escobar,San Diego State,2.0934782608695657,0,0,TE,47,0,0,78.0,254.0,4.84,32.0,0,114.0,7.07,4.31,92.57255826036898,29.349441157133466,0,2007,2008,2009,2010,3.0,0,0,0,0,3.0,2.0,0,0,0,0,2.0,0.003552397868561279,0,0,0,0,0.003552397868561279,0.0,0,0,0,0,0,7.0,0,0,0,0,0.002393162393162393,0,0,0,0,0.002393162393162393,20.57534242465772,11.0,15.0,12.0,0,0,15.0,0.09183963605345465,0.3280067283431455,0.31099656357388317,0,0,0.3280067283431455,0.16666666666666666,0.4375,0.4,0,0,0.4375,0,0,0.09183963605345465,0.3280067283431455,0.31099656357388317,0.3280067283431455,11.0,1.0,0,0.024390243902439025,0,"
"
Vance McDonald,Rice,2.7972972972972974,0,0,TE,55,0,0,76.0,267.0,4.69,33.5,31.0,119.0,7.08,4.53,110.36970612158515,32.496710526315795,0,2007,2008,2009,2010,6.0,13.0,6.0,0,0,13.0,3.0,1.0,3.0,0,0,3.0,0.006122448979591836,0.0021691973969631237,0.004885993485342019,0,0,0.006122448979591836,0.0,0.0,0.0,0,0,0,19.0,13.0,20.0,0,0,0.009870129870129871,0.006981740064446832,0.0074962518740629685,0,0,0.009870129870129871,21.219178424657684,9.0,14.0,12.0,12.0,0,14.0,0.05291479820627803,0.18032786885245902,0.29086932750136685,0.18505050505050505,0,0.29086932750136685,0.0,0.6666666666666666,0.5,0.11764705882352941,0,0.6666666666666666,0,0.05291479820627803,0.18032786885245902,0.29086932750136685,0.18505050505050505,0.29086932750136685,0,0,0,0,0,"
"
Travis Kelce,Cincinnati,10.99090909090909,2,1,TE,63,0,0,77.0,255.0,4.63,0,0,0,0,0,110.98038115215739,30.235284196323157,0,2007,2008,2009,2010,5.0,0,0,0,0,5.0,8.0,0,0,0,0,8.0,0.023054755043227664,0,0,0,0,0.023054755043227664,0.08695652173913043,0,0,0,0,0.08695652173913043,47.0,0,0,0,0,0.025515743756786103,0,0,0,0,0.025515743756786103,22.906849424657594,3.0,11.0,16.0,0,0,16.0,0.0007479431563201197,0.05889281507656066,0.3029794376835921,0,0,0.3029794376835921,0.0,0.1111111111111111,0.47058823529411764,0,0,0.47058823529411764,0,0,0.0007479431563201197,0.05889281507656066,0.3029794376835921,0.3029794376835921,13.0,1.0,0,0.020833333333333332,0,"
"
Jordan Reed,Florida,13.335294117647058,1,1,TE,85,0,0,74.0,236.0,4.72,0,16.0,0,0,0,95.09857385613915,30.2972972972973,0,2007,2008,2009,2010,4.0,0,0,0,0,4.0,77.0,0,0,0,0,77.0,0.03251689189189189,0,0,0,0,0.03251689189189189,0.04504504504504504,0,0,0,0,0.04504504504504504,328.0,0,0,0,0,0.03097554065539711,0,0,0,0,0.03097554065539711,0,13.0,11.0,12.0,0,0,13.0,0.006271334444709058,0.024112472510210495,0.041847581973349306,0,0,0.041847581973349306,0.012345679012345678,0.027777777777777776,0.03614457831325301,0,0,0.03614457831325301,0,0,0.006271334444709058,0.024112472510210495,0.041847581973349306,0.041847581973349306,35.0,1.0,0,0.004878048780487805,0,"
"
Dion Sims,Michigan State,2.7214285714285715,0,0,TE,106,0,0,77.0,262.0,4.75,35.0,22.0,112.0,7.36,4.52,102.93352567890057,31.065272389947715,0,2007,2008,2009,2010,0,0,0,0,0,0,1.0,0,0,0,0,1.0,0.002457002457002457,0,0,0,0,0.002457002457002457,0.0,0,0,0,0,0,0,0,0,0,0,0.0,0,0,0,0,0,21.534246424657567,12.0,8.0,13.0,0,0,13.0,0.039477589789254974,0.028812572759022118,0.21073646850044367,0,0,0.21073646850044367,0.12,0.13043478260869565,0.16666666666666666,0,0,0.16666666666666666,0,0,0.039477589789254974,0.028812572759022118,0.21073646850044367,0.21073646850044367,0,2.0,0,0.05128205128205128,0,"
"
Levine Toilolo,Stanford,2.18125,0,0,TE,133,0,0,80.0,260.0,4.86,31.0,17.0,113.0,7.09,4.57,93.20908970075433,28.559375,0,2007,2008,2009,2010,0,0,0,0,0,0,0,0,0,0,0,0,0,0,0,0,0,0,0,0,0,0,0,0,0,0,0,0,0,0,0,0,0,0,0,0,27.0,13.0,16.0,0,0,27.0,0.008081412750673452,0.10457317073170731,0.16307053941908714,0,0,0.16307053941908714,0.0,0.1875,0.26666666666666666,0,0,0.26666666666666666,0,0,0.008081412750673452,0.10457317073170731,0.16307053941908714,0.16307053941908714,0,0,0,0,0,"
"
Luke Willson,Rice,3.86,0,0,TE,158,0,0,0.0,0,0,0,0,0,0,0,NA,0,0,2007,2008,2009,2010,0,0,0,0,0,0,0,0,0,0,0,0,0,0,0,0,0,0,0,0,0,0,0,0,0,0,0,0,0,0,0,0,0,0,0,0,17.0,12.0,10.0,14.0,0,17.0,0.05480682839173405,0.1961236732810337,0.15283203125,0.04488778054862843,0,0.1961236732810337,0.07692307692307693,0.17647058823529413,0.25,0.11764705882352941,0,0.25,0,0.05480682839173405,0.1961236732810337,0.15283203125,0.04488778054862843,0.1961236732810337,0,0,0,0,0,"
"
Nick Kasa,Colorado,0.49375,0,0,TE,172,0,0,78.0,269.0,4.71,31.5,22.0,113.0,0,0,109.31975435568916,31.08267587113741,0,2007,2008,2009,2010,0,0,0,0,0,0,0,0,0,0,0,0,0,0,0,0,0,0,0,0,0,0,0,0,0,0,0,0,0,0,0,0,0,0,0,0,8.0,15.0,0,0,0,15.0,0.0015094339622641509,0.0880234128770824,0,0,0,0.0880234128770824,0.0,0.12,0,0,0,0.12,0,0,0,0.0015094339622641509,0.0880234128770824,0.0880234128770824,0,0,0,0,0,"
"
Mychal Rivera,Tennessee,6.29375,0,0,TE,184,0,0,75.0,242.0,4.81,31.0,17.0,112.0,7.17,4.43,90.42011522839046,30.244622222222226,0,2007,2008,2009,2010,0,0,0,0,0,0,0,0,0,0,0,0,0,0,0,0,0,0,0,0,0,0,0,0,0,0,0,0,0,0,0,0,0,0,0,0,10.0,11.0,15.0,0,0,15.0,0.019711369236184443,0.06456456456456457,0.09644757164921915,0,0,0.09644757164921915,0.0,0.02631578947368421,0.10869565217391304,0,0,0.10869565217391304,0,0,0.019711369236184443,0.06456456456456457,0.09644757164921915,0.09644757164921915,7.0,2.0,0,0.02127659574468085,0,"
"
Ryan Griffin,Connecticut,3.29,0,0,TE,201,0,0,0.0,0,0,0,0,0,0,0,NA,0,0,2007,2008,2009,2010,0,0,0,0,0,0,0,0,0,0,0,0,0,0,0,0,0,0,0,0,0,0,0,0,0,0,0,0,0,0,0,0,0,0,0,21.63835642465756,11.0,7.0,15.0,16.0,0,16.0,0.10696028313016123,0.14252472367655614,0.27163854109961894,0.2126537785588752,0,0.27163854109961894,0.0,0.1111111111111111,0.2727272727272727,1.5,0,1.5,0,0.10696028313016123,0.14252472367655614,0.27163854109961894,0.2126537785588752,0.27163854109961894,0,0,0,0,0,"
"
Michael Williams,Alabama,0.3733333333333333,0,0,TE,211,0,0,0.0,0,0,0,0,0,0,0,NA,0,0,2007,2008,2009,2010,0,0,0,0,0,0,0,0,0,0,0,0,0,0,0,0,0,0,0,0,0,0,0,0,0,0,0,0,0,0,0,0,0,0,0,0,9.0,12.0,11.0,7.0,0,12.0,0.011145272867025366,0.030349013657056147,0.07329240214888719,0.032684407929987495,0,0.07329240214888719,0.0,0.043478260869565216,0.14285714285714285,0.09302325581395349,0,0.14285714285714285,0,0.011145272867025366,0.030349013657056147,0.07329240214888719,0.032684407929987495,0.07329240214888719,22.0,2.0,0,0.09523809523809523,0,"
"
D.C. Jefferson,Rutgers,0.0,0,0,TE,219,0,0,78.0,255.0,4.97,0,3.0,0,0,0,83.58813224923179,29.464990138067062,0,2007,2008,2009,2010,0,0,0,0,0,0,0,0,0,0,0,0,0,0,0,0,0,0,0,0,0,0,0,0,0,0,0,0,0,0,0,0,0,0,0,0,21.0,16.0,9.0,8.0,0,21.0,0.045207199665131856,0.07678075855689177,0.0390987408880053,0.06606370428627605,0,0.07678075855689177,0.0,0.06666666666666667,0.0,0.045454545454545456,0,0.06666666666666667,0,0.045207199665131856,0.07678075855689177,0.0390987408880053,0.06606370428627605,0.07678075855689177,0,0,0,0,0,"
"
Chris Gragg,Arkansas,1.909375,0,0,TE,222,0,0,75.0,244.0,4.5,37.5,18.0,125.0,7.08,4.51,119.00624904740131,30.494577777777778,0,2007,2008,2009,2010,0,0,0,0,0,0,0,0,0,0,0,0,0,0,0,0,0,0,0,0,0,0,0,0,0,0,0,0,0,0,0,0,0,0,0,0,25.0,21.0,12.0,13.0,0,25.0,0.004598123965422108,0.023687491342291176,0.07556528081692196,0.043037974683544304,0,0.07556528081692196,0.0,0.03508771929824561,0.047619047619047616,0.06666666666666667,0,0.06666666666666667,0,0.004598123965422108,0.023687491342291176,0.07556528081692196,0.043037974683544304,0.07556528081692196,0,0,0,0,0,"
"
Justice Cunningham,South Carolina,0.35,1,1,TE,254,0,0,75.0,258.0,4.94,31.5,0,116.0,7.12,4.45,86.64468076385434,32.24426666666667,0,2007,2008,2009,2010,0,0,0,0,0,0,0,0,0,0,0,0,0,0,0,0,0,0,0,0,0,0,0,0,0,0,0,0,0,0,0,0,0,0,0,0,11.0,13.0,7.0,14.0,0,14.0,0.007884813164209805,0.028342575477510783,0.06405051871898963,0.11692529772645255,0,0.11692529772645255,0.0,0.0,0.05555555555555555,0.0,0,0.05555555555555555,0,0.007884813164209805,0.028342575477510783,0.06405051871898963,0.11692529772645255,0.11692529772645255,12.0,2.0,0,0.03773584905660377,0,"
"
Eric Ebron,North Carolina,8.2675,0,0,TE,10,0,0,76.0,250.0,4.6,32.0,24.0,120.0,0,0,111.67055577988933,30.42763157894737,0,2007,2008,2009,2010,3.0,0,0,0,0,3.0,2.0,0,0,0,0,2.0,0.004098360655737705,0,0,0,0,0.004098360655737705,0.0,0,0,0,0,0,7.0,0,0,0,0,0.003494757863205192,0,0,0,0,0.003494757863205192,19.394520424657685,20.0,15.0,15.0,0,0,20.0,0.06662375281622143,0.2172401807438304,0.3695404481579947,0,0,0.3695404481579947,0.04,0.16,0.12,0,0,0.16,0,0,0.06662375281622143,0.2172401807438304,0.3695404481579947,0.3695404481579947,0,0,0,0,0,"
"
Austin Seferian-Jenkins,Washington,6.652,0,0,TE,38,0,0,77.0,262.0,4.75,0,20.0,0,0,0,102.93352567890057,31.065272389947715,0,2007,2008,2009,2010,0,0,0,0,0,0,0,0,0,0,0,0,0,0,0,0,0,0,0,0,0,0,0,0,0,0,0,0,0,0,0,0,0,0,0,0,13.0,12.0,12.0,0,0,13.0,0.08089009171553149,0.14489795918367346,0.05830526043016326,0,0,0.14489795918367346,0.1,0.2,0.1509433962264151,0,0,0.2,0,0,0.08089009171553149,0.14489795918367346,0.05830526043016326,0.14489795918367346,0,0,0,0,0,"
"
Jace Amaro,Texas Tech,5.4941176470588236,0,0,TE,49,0,0,77.0,265.0,4.74,33.0,28.0,118.0,7.42,4.3,104.99352165248399,31.420981615786808,0,2007,2008,2009,2010,0,0,0,0,0,0,0,0,0,0,0,0,0,0,0,0,0,0,0,0,0,0,0,0,0,0,0,0,0,0,0,0,0,0,0,21.183561424657682,8.0,16.0,12.0,0,0,16.0,0.013943248532289627,0.09696538643907066,0.36005326231691076,0,0,0.36005326231691076,0.06896551724137931,0.1,0.25,0,0,0.25,0,0,0.013943248532289627,0.09696538643907066,0.36005326231691076,0.36005326231691076,0,0,0,0,0,"
"
Troy Niklas,Notre Dame,1.0423076923076924,0,0,TE,52,0,0,78.0,270.0,4.84,32.0,27.0,114.0,7.57,4.55,98.40390051299065,31.198224852071004,0,2007,2008,2009,2010,0,0,0,0,0,0,0,0,0,0,0,0,0,0,0,0,0,0,0,0,0,0,0,0,0,0,0,0,0,0,0,0,0,0,0,0,15.0,15.0,0,0,0,15.0,0.02653927813163482,0.1769094138543517,0,0,0,0.1769094138543517,0.07692307692307693,0.22727272727272727,0,0,0,0.22727272727272727,0,0,0,0.02653927813163482,0.1769094138543517,0.1769094138543517,0,0,0,0,0,"
"
C.J. Fiedorowicz,Iowa,4.008695652173913,0,0,TE,65,0,0,77.0,265.0,4.76,31.5,25.0,116.0,7.1,4.26,103.24001493991634,31.420981615786808,0,2007,2008,2009,2010,0,0,0,0,0,0,0,0,0,0,0,0,0,0,0,0,0,0,0,0,0,0,0,0,0,0,0,0,0,0,0,0,0,0,0,0,10.0,9.0,10.0,0,0,10.0,0.0295837023914969,0.09410997609215388,0.06085894565438632,0,0,0.09410997609215388,0.07692307692307693,0.029411764705882353,0.1875,0,0,0.1875,0,0,0.0295837023914969,0.09410997609215388,0.06085894565438632,0.09410997609215388,4.0,1.0,0,0.011764705882352941,0,"
"
Richard Rodgers,California,5.8687499999999995,1,1,TE,98,0,0,76.0,257.0,4.87,31.5,16.0,116.0,7.23,4.47,91.37918369972198,31.279605263157894,0,2007,2008,2009,2010,1.0,0,0,0,0,1.0,7.0,0,0,0,0,7.0,0.016666666666666666,0,0,0,0,0.016666666666666666,0.0,0,0,0,0,0,9.0,0,0,0,0,0.005791505791505791,0,0,0,0,0.005791505791505791,0,14.0,15.0,0,0,0,15.0,0.13025780189959293,0.1804154302670623,0,0,0,0.1804154302670623,0.08333333333333333,0.047619047619047616,0,0,0,0.08333333333333333,0,0,0,0.13025780189959293,0.1804154302670623,0.1804154302670623,5.0,1.0,0,0.02,0,"
"
Crockett Gillmore,Colorado State,4.60625,0,0,TE,99,0,0,78.0,260.0,4.89,33.5,0,120.0,7.42,4.44,90.94271325534348,30.042735042735043,0,2007,2008,2009,2010,0,0,0,0,0,0,0,0,0,0,0,0,0,0,0,0,0,0,0,0,0,0,0,0,0,0,0,0,0,0,0,0,0,0,0,19.791780424657645,10.0,13.0,12.0,0,0,13.0,0.2672758423757853,0.11642319610447101,0.18253717178108195,0,0,0.2672758423757853,0.5,0.13333333333333333,0.09090909090909091,0,0,0.5,0,0,0.2672758423757853,0.11642319610447101,0.18253717178108195,0.2672758423757853,0,0,0,0,0,"
"
Arthur Lynch,Georgia,0,0,0,TE,155,0,0,77.0,258.0,4.82,29.5,28.0,116.0,7.38,4.35,95.60080487530047,30.590993422162253,0,2007,2008,2009,2010,0,0,0,0,0,0,0,0,0,0,0,0,0,0,0,0,0,0,0,0,0,0,0,0,0,0,0,0,0,0,0,0,0,0,0,0,8.0,18.0,15.0,0,0,18.0,0.003888380603842635,0.08014131647452584,0.0549240157951418,0,0,0.08014131647452584,0.0,0.06521739130434782,0.08928571428571429,0,0,0.08928571428571429,0,0,0.003888380603842635,0.08014131647452584,0.0549240157951418,0.08014131647452584,0,0,0,0,0,"
"
Ted Bolser,Indiana,0,0,0,TE,217,0,0,0.0,0,0,0,0,0,0,0,NA,0,0,2007,2008,2009,2010,0,0,0,0,0,0,0,0,0,0,0,0,0,0,0,0,0,0,0,0,0,0,0,0,0,0,0,0,0,0,0,0,0,0,0,0,15.0,11.0,10.0,9.0,0,15.0,0.13392563343205002,0.07375949932945909,0.13529948312557008,0.09523809523809523,0,0.13529948312557008,0.25,0.1111111111111111,0.14285714285714285,0.2,0,0.25,0,0.13392563343205002,0.07375949932945909,0.13529948312557008,0.09523809523809523,0.13529948312557008,0,0,0,0,0,"
"
Maxx Williams,Minnesota,3.206896551724138,0,0,TE,55,0,0,76.0,249.0,4.78,34.5,17.0,117.0,7.3,4.37,95.39327439828241,30.30592105263158,0,2007,2008,2009,2010,7.0,0,0,0,0,7.0,1.0,0,0,0,0,1.0,0.0017391304347826088,0,0,0,0,0.0017391304347826088,0.0,0,0,0,0,0,7.0,0,0,0,0,0.002733307301835221,0,0,0,0,0.002733307301835221,19.389041424657535,16.0,15.0,0,0,0,16.0,0.276525198938992,0.4462745098039216,0,0,0,0.4462745098039216,0.7142857142857143,2.0,0,0,0,2.0,0,0,0,0.276525198938992,0.4462745098039216,0.4462745098039216,29.0,2.0,0,0.05263157894736842,0,"
"
Tyler Kroft,Rutgers,3.7717391304347827,1,1,TE,85,0,0,77.0,246.0,4.75,0,17.0,0,0,0,96.64750884354785,29.16815651880587,0,2007,2008,2009,2010,0,0,0,0,0,0,0,0,0,0,0,0,0,0,0,0,0,0,0,0,0,0,0,0,0,0,0,0,0,0,0,0,0,0,0,20.87945242465753,19.0,13.0,11.0,0,0,19.0,0.0222473604826546,0.23012048192771084,0.10003718854592786,0,0,0.23012048192771084,0.045454545454545456,0.2222222222222222,0.0,0,0,0.2222222222222222,0,0,0.0222473604826546,0.23012048192771084,0.10003718854592786,0.23012048192771084,0,0,0,0,0,"
"
Jeff Heuerman,Ohio State,2.2423076923076923,0,0,TE,92,0,0,77.0,254.0,4.81,0,26.0,0,0,0,94.9037573058313,30.116714454376794,0,2007,2008,2009,2010,6.0,0,0,0,0,6.0,1.0,0,0,0,0,1.0,0.0016051364365971107,0,0,0,0,0.0016051364365971107,0.0,0,0,0,0,0,6.0,0,0,0,0,0.001379310344827586,0,0,0,0,0.001379310344827586,0,25.0,11.0,17.0,12.0,0,25.0,0.015375153751537515,0.045105566218809984,0.1957983193277311,0.05914285714285714,0,0.1957983193277311,0.0,0.0625,0.11764705882352941,0.05,0,0.11764705882352941,0,0.015375153751537515,0.045105566218809984,0.1957983193277311,0.05914285714285714,0.1957983193277311,13.0,1.0,0,0.03571428571428571,0,"
"
Blake Bell,Oklahoma,1.275,0,0,TE,117,0,0,78.0,252.0,4.8,33.0,14.0,116.0,6.85,4.32,94.9435763888889,29.118343195266274,0,2007,2008,2009,2010,3.0,3.0,3.0,2.0,0,3.0,44.0,60.0,75.0,2.0,0,75.0,0.052318668252080855,0.06430868167202572,0.07225433526011561,0.0019011406844106464,0,0.07225433526011561,0.19696969696969696,0.16923076923076924,0.0,0.0,0,0.19696969696969696,171.0,201.0,255.0,4.0,0,0.03853086976115367,0.03955914190120055,0.0487851540080352,0.0007611798287345385,0,0.0487851540080352,0,13.0,0,0,0,0,13.0,0.03831006086645184,0,0,0,0,0.03831006086645184,0.125,0,0,0,0,0.125,0,0,0,0,0.03831006086645184,0.03831006086645184,0,0,0,0,0,"
"
C.J. Uzomah,Auburn,2.793103448275862,0,0,TE,157,0,0,0.0,0,0,0,0,0,0,0,NA,0,0,2007,2008,2009,2010,1.0,0,0,0,0,1.0,1.0,0,0,0,0,1.0,0.0016611295681063123,0,0,0,0,0.0016611295681063123,0.0,0,0,0,0,0,1.0,0,0,0,0,0.0002998500749625187,0,0,0,0,0.0002998500749625187,0,19.0,14.0,13.0,0,0,19.0,0.07802639127940333,0.06790123456790123,0.0510743219443466,0,0,0.07802639127940333,0.14285714285714285,0.17647058823529413,0.15,0,0,0.17647058823529413,0,0,0.07802639127940333,0.06790123456790123,0.0510743219443466,0.07802639127940333,38.0,1.0,0,0.02857142857142857,0,"
"
Jesse James,Penn State,5.215000000000001,0,0,TE,160,0,0,79.0,261.0,4.83,37.5,26.0,121.0,7.53,4.5,95.91399487596581,29.39961544624259,0,2007,2008,2009,2010,0,0,0,0,0,0,0,0,0,0,0,0,0,0,0,0,0,0,0,0,0,0,0,0,0,0,0,0,0,0,0,0,0,0,0,0,18.0,13.0,10.0,0,0,18.0,0.09178583305620219,0.11991357580122435,0.15011372251705837,0,0,0.15011372251705837,0.2631578947368421,0.16666666666666666,0.3,0,0,0.3,0,0,0.09178583305620219,0.11991357580122435,0.15011372251705837,0.15011372251705837,0,0,0,0,0,"
"
Nick O'Leary,Florida State,2.551428571428571,0,0,TE,194,0,0,75.0,252.0,4.93,30.5,21.0,110.0,7.4,4.5,85.3184308292889,31.4944,0,2007,2008,2009,2010,0.0,0,0,0,0,0,0.0,0,0,0,0,0,0.0,0,0,0,0,0,0.037037037037037035,0,0,0,0,0.037037037037037035,0.0,0,0,0,0,0.0,0,0,0,0,0,0,13.0,12.0,16.0,12.0,0,16.0,0.051621026125275415,0.07289557419728088,0.14407656492498708,0.17743324720068906,0,0.17743324720068906,0.041666666666666664,0.14285714285714285,0.2,0.3,0,0.3,0,0.051621026125275415,0.07289557419728088,0.14407656492498708,0.17743324720068906,0.17743324720068906,0,0,0,0,0,"
"
Malcolm Johnson,Mississippi State,0.6894736842105263,0,0,TE,195,0,0,0.0,0,0,0,0,0,0,0,NA,0,0,2007,2008,2009,2010,0,0,0,0,0,0,0,0,0,0,0,0,0,0,0,0,0,0,0,0,0,0,0,0,0,0,0,0,0,0,0,0,0,0,0,0,18.0,17.0,13.0,13.0,0,18.0,0.09545875810936053,0.05856164383561644,0.14029422317904558,0.11624349954114407,0,0.14029422317904558,0.1875,0.07692307692307693,0.125,0.10714285714285714,0,0.1875,0,0.09545875810936053,0.05856164383561644,0.14029422317904558,0.11624349954114407,0.14029422317904558,7.0,1.0,0,0.023809523809523808,0,"
"
Randall Telfer,USC,0.3,0,0,TE,198,0,0,76.0,250.0,4.83,0,20.0,0,0,0,91.87164260149981,30.42763157894737,0,2007,2008,2009,2010,0,0,0,0,0,0,0,0,0,0,0,0,0,0,0,0,0,0,0,0,0,0,0,0,0,0,0,0,0,0,0,0,0,0,0,0,10.0,8.0,13.0,9.0,0,13.0,0.08381946576604236,0.028011204481792718,0.025145067698259187,0.053839846952719324,0,0.08381946576604236,0.14705882352941177,0.11428571428571428,0.05263157894736842,0.05405405405405406,0,0.14705882352941177,0,0.08381946576604236,0.028011204481792718,0.025145067698259187,0.053839846952719324,0.08381946576604236,2.0,1.0,0,0.024390243902439025,0,"
"
A.J. Derby,Arkansas,4.066666666666667,0,0,TE,202,0,0,0.0,0,0,0,0,0,0,0,NA,0,0,2007,2008,2009,2010,0.0,0,0,0,0,0,6.0,1.0,0,0,0,6.0,0.005836575875486381,0.0008865248226950354,0,0,0,0.005836575875486381,0.0,0.0,0,0,0,0,2.0,0,0,0,0,0.0003811701924909472,0.0,0,0,0,0.0003811701924909472,0,13.0,0,0,0,0,13.0,0.054841628959276016,0,0,0,0,0.054841628959276016,0.06976744186046512,0,0,0,0,0.06976744186046512,0,0,0,0,0.054841628959276016,0.054841628959276016,0,0,0,0,0,"
"
Ben Koyack,Notre Dame,1.6633333333333336,0,0,TE,229,0,0,77.0,255.0,4.79,0,0,0,0,0,96.87865984597897,30.235284196323157,0,2007,2008,2009,2010,0,0,0,0,0,0,0,0,0,0,0,0,0,0,0,0,0,0,0,0,0,0,0,0,0,0,0,0,0,0,0,0,0,0,0,0,5.0,13.0,17.0,10.0,0,17.0,0.0015248551387618177,0.013626834381551363,0.054423933800127305,0.09340011785503831,0,0.09340011785503831,0.0,0.0,0.125,0.07142857142857142,0,0.125,0,0.0015248551387618177,0.013626834381551363,0.054423933800127305,0.09340011785503831,0.09340011785503831,0,1.0,0,0.022222222222222223,0,"
"
Geoff Swaim,Texas,0.6571428571428571,0,0,TE,246,0,0,0.0,0,0,0,0,0,0,0,NA,0,0,2007,2008,2009,2010,0,0,0,0,0,0,0,0,0,0,0,0,0,0,0,0,0,0,0,0,0,0,0,0,0,0,0,0,0,0,0,0,0,0,0,0,4.0,7.0,0,0,0,7.0,0.0008094357076780758,0.004510309278350515,0,0,0,0.004510309278350515,0.0,0.007874015748031496,0,0,0,0.007874015748031496,0,0,0,0.0008094357076780758,0.004510309278350515,0.004510309278350515,0,0,0,0,0,"
"
Gerald Christian,Louisville,0.7999999999999999,0,0,TE,256,0,0,75.0,244.0,4.87,0,28.0,0,7.62,4.7,86.75689036082554,30.494577777777778,0,2007,2008,2009,2010,0,0,0,0,0,0,0,0,0,0,0,0,0,0,0,0,0,0,0,0,0,0,0,0,0,0,0,0,0,0,0,0,0,0,0,0,15.0,12.0,0,0,0,15.0,0.11652078774617068,0.13092396863279918,0,0,0,0.13092396863279918,0.13793103448275862,0.3125,0,0,0,0.3125,0,0,0,0.11652078774617068,0.13092396863279918,0.13092396863279918,0,0,0,0,0,"
"
Hunter Henry,Arkansas,8.851724137931036,2,1,TE,35,0,0,77.0,250.0,4.79,0,13.0,0,0,0,94.97907828037154,29.642435486591328,0,2007,2008,2009,2010,0,0,0,0,0,0,0,0,0,0,0,0,0,0,0,0,0,0,0,0,0,0,0,0,0,0,0,0,0,0,0,0,0,0,0,0,14.0,13.0,14.0,0,0,14.0,0.10214785214785214,0.09651928504233302,0.1358455882352941,0,0,0.1358455882352941,0.16,0.045454545454545456,0.058823529411764705,0,0,0.16,0,0,0.10214785214785214,0.09651928504233302,0.1358455882352941,0.1358455882352941,0,0,0,0,0,"
"
Austin Hooper,Stanford,7.493478260869565,1,1,TE,81,0,0,76.0,254.0,4.72,33.0,19.0,117.0,7.0,4.32,102.35185491296333,30.914473684210527,0,2007,2008,2009,2010,0,0,0,0,0,0,0,0,0,0,0,0,0,0,0,0,0,0,0,0,0,0,0,0,0,0,0,0,0,0,0,0,0,0,0,19.841095424657624,12.0,12.0,0,0,0,12.0,0.20048212133386903,0.1733280569845667,0,0,0,0.20048212133386903,0.1111111111111111,0.25,0,0,0,0.25,0,0,0,0.20048212133386903,0.1733280569845667,0.20048212133386903,0,0,0,0,0,"
"
Nick Vannett,Ohio State,2.8333333333333335,0,0,TE,94,0,0,78.0,257.0,4.76,30.5,17.0,111.0,7.05,4.2,100.12333524361698,29.696088099934254,0,2007,2008,2009,2010,0,0,0,0,0,0,1.0,0,0,0,0,1.0,0.001841620626151013,0,0,0,0,0.001841620626151013,0.0,0,0,0,0,0,0,0,0,0,0,0.0,0,0,0,0,0,0,13.0,10.0,11.0,8.0,0,13.0,0.059854014598540145,0.028922631959508314,0.06309148264984227,0.07064980375054514,0,0.07064980375054514,0.0,0.02702702702702703,0.13513513513513514,0.0,0,0.13513513513513514,0,0.059854014598540145,0.028922631959508314,0.06309148264984227,0.07064980375054514,0.07064980375054514,0,0,0,0,0,"
"
Tyler Higbee,Western Kentucky,3.15,0,0,TE,110,0,0,78.0,249.0,4.77,0,0,0,0,0,96.19573706265128,28.771696252465485,0,2007,2008,2009,2010,0,0,0,0,0,0,0,0,0,0,0,0,0,0,0,0,0,0,0,0,0,0,0,0,0,0,0,0,0,0,0,0,0,0,0,0,46.0,13.0,15.0,14.0,0,46.0,0.04801670146137787,0.05680672268907563,0.04961173425366695,0.12112736660929432,0,0.12112736660929432,0.1,0.07142857142857142,0.08888888888888889,0.19047619047619047,0,0.19047619047619047,0,0.04801670146137787,0.05680672268907563,0.04961173425366695,0.12112736660929432,0.12112736660929432,0,0,16.0,0,0.05263157894736842,"
"
Jerell Adams,South Carolina,1.7724137931034485,0,0,TE,184,0,0,77.0,247.0,4.64,32.5,0,117.0,7.05,4.31,106.57492279412287,29.286726260752236,0,2007,2008,2009,2010,0,0,0,0,0,0,0,0,0,0,0,0,0,0,0,0,0,0,0,0,0,0,0,0,0,0,0,0,0,0,0,0,0,0,0,22.668493424657527,22.0,14.0,13.0,15.0,0,22.0,0.029950083194675542,0.060051380860629416,0.08249556475458308,0.20347994200096664,0,0.20347994200096664,0.03571428571428571,0.07142857142857142,0.037037037037037035,0.21428571428571427,0,0.21428571428571427,0,0.029950083194675542,0.060051380860629416,0.08249556475458308,0.20347994200096664,0.20347994200096664,0,0,0,0,0,"
"
Thomas Duarte,UCLA,0,0,0,TE,231,0,0,74.0,231.0,4.72,33.5,12.0,118.0,6.97,4.24,93.0837735625769,29.655405405405407,0,2007,2008,2009,2010,0,0,0,0,0,0,0,0,0,0,0,0,0,0,0,0,0,0,0,0,0,0,0,0,0,0,0,0,0,0,0,0,0,0,0,20.424657424657653,13.0,19.0,16.0,0,0,19.0,0.06993464052287582,0.1913536498936924,0.30235783633841884,0,0,0.30235783633841884,0.13636363636363635,0.2,0.7692307692307693,0,0,0.7692307692307693,0,0,0.06993464052287582,0.1913536498936924,0.30235783633841884,0.30235783633841884,0,0,0,0,0,"
"
O.J. Howard,Alabama,8.042105263157895,1,1,TE,19,0,0,78.0,251.0,4.51,30.0,22.0,121.0,6.85,4.16,121.33820043282697,29.002794214332678,0,2007,2008,2009,2010,0,0,0,0,0,0,0,0,0,0,0,0,0,0,0,0,0,0,0,0,0,0,0,0,0,0,0,0,0,0,0,0,0,0,0,0,19.0,15.0,15.0,13.0,0,19.0,0.04487821154487821,0.04198966408268734,0.11572472126105345,0.10382132263130343,0,0.11572472126105345,0.045454545454545456,0.0,0.05714285714285714,0.07894736842105263,0,0.07894736842105263,0,0.04487821154487821,0.04198966408268734,0.11572472126105345,0.10382132263130343,0.11572472126105345,10.0,2.0,0,0.023809523809523808,0,"
"
Gerald Everett,South Alabama,5.024444444444445,0,0,TE,44,0,0,75.0,239.0,4.62,37.5,22.0,126.0,6.99,4.33,104.92041371152702,29.869688888888888,0,2007,2008,2009,2010,0.0,0,0,0,0,0,8.0,0,0,0,0,8.0,0.01702127659574468,0,0,0,0,0.01702127659574468,0.2222222222222222,0,0,0,0,0.2222222222222222,7.0,0,0,0,0,0.003510531594784353,0,0,0,0,0.003510531594784353,21.186301424657586,14.0,14.0,0,0,0,14.0,0.3161077515118197,0.2920570264765784,0,0,0,0.3161077515118197,1.1428571428571428,0.36363636363636365,0,0,0,1.1428571428571428,0,0,0,0.3161077515118197,0.2920570264765784,0.3161077515118197,0,0,0,0,0,"
"
Jonnu Smith,Florida International,4.76,0,0,TE,100,0,0,75.0,248.0,4.62,38.0,22.0,127.0,0,4.18,108.87139163371842,30.99448888888889,0,2007,2008,2009,2010,5.0,0,0,0,0,5.0,1.0,0,0,0,0,1.0,0.002364066193853428,0,0,0,0,0.002364066193853428,0.0,0,0,0,0,0,5.0,0,0,0,0,0.002733734281027884,0,0,0,0,0.002733734281027884,18.027397424657693,9.0,11.0,11.0,12.0,0,12.0,0.29283018867924526,0.5436447166921899,0.16157916157916158,0.22854561878952123,0,0.5436447166921899,0.3333333333333333,1.1428571428571428,0.2222222222222222,0.26666666666666666,0,1.1428571428571428,0,0.29283018867924526,0.5436447166921899,0.16157916157916158,0.22854561878952123,0.5436447166921899,0.0,1.0,0,0.022727272727272728,0,"
"
Michael Roberts,Toledo,1.982608695652174,0,0,TE,127,0,0,76.0,270.0,4.86,30.0,0,110.0,7.05,4.51,96.79405468924487,32.86184210526316,0,2007,2008,2009,2010,0,0,0,0,0,0,0,0,0,0,0,0,0,0,0,0,0,0,0,0,0,0,0,0,0,0,0,0,0,0,0,0,0,0,0,0,16.0,11.0,11.0,0,0,16.0,0.02175368139223561,0.0835117773019272,0.1455091455091455,0,0,0.1455091455091455,0.09090909090909091,0.2,0.5333333333333333,0,0,0.5333333333333333,0,0,0.02175368139223561,0.0835117773019272,0.1455091455091455,0.1455091455091455,0,0,0,0,0,"
"
Jake Butt,Michigan,5.5,0,0,TE,145,0,0,77.0,246.0,0,0,0,0,0,0,NA,29.16815651880587,0,2007,2008,2009,2010,0.0,0,0,0,0,0,0.0,0,0,0,0,0,0.0,0,0,0,0,0,0.0,0,0,0,0,0,2.0,0,0,0,0,0.0001958672020370189,0,0,0,0,0.0001958672020370189,0,11.0,10.0,12.0,11.0,0,12.0,0.0178979436405179,0.015463539758153169,0.040717220769518114,0.0344501230361537,0,0.040717220769518114,0.024096385542168676,0.02,0.02564102564102564,0.034482758620689655,0,0.034482758620689655,0,0.0178979436405179,0.015463539758153169,0.040717220769518114,0.0344501230361537,0.040717220769518114,0,0,0,0,0,"
"
George Kittle,Iowa,13.015555555555556,2,1,TE,146,0,0,76.0,247.0,4.52,35.0,18.0,132.0,0,0,118.35134823187973,30.0625,0,2007,2008,2009,2010,0,0,0,0,0,0,0,0,0,0,0,0,0,0,0,0,0,0,0,0,0,0,0,0,0,0,0,0,0,0,0,0,0,0,0,0,21.0,25.0,14.0,14.0,0,25.0,0.02115987460815047,0.00411793773678142,0.054841149773071106,0.06559431794443284,0,0.06559431794443284,0.0,0.0,0.20689655172413793,0.11764705882352941,0,0.20689655172413793,0,0.02115987460815047,0.00411793773678142,0.054841149773071106,0.06559431794443284,0.06559431794443284,2.0,1.0,0,0.013888888888888888,0,"
"
Jordan Leggett,Clemson,2.0933333333333333,0,0,TE,150,0,0,77.0,258.0,0,33.0,18.0,114.0,7.12,4.33,NA,30.590993422162253,0,2007,2008,2009,2010,0,0,0,0,0,0,0,0,0,0,0,0,0,0,0,0,0,0,0,0,0,0,0,0,0,0,0,0,0,0,0,0,0,0,0,0,14.0,11.0,13.0,16.0,0,16.0,0.04236880115551276,0.049630086313193586,0.1363990646921278,0.17212347988774557,0,0.17212347988774557,0.05405405405405406,0.045454545454545456,0.2962962962962963,0.18421052631578946,0,0.2962962962962963,0,0.04236880115551276,0.049630086313193586,0.1363990646921278,0.17212347988774557,0.17212347988774557,12.0,2.0,0,0.07407407407407407,0,"
"
Jeremy Sprinkle,Arkansas,1.872093023255814,0,0,TE,154,0,0,77.0,252.0,4.69,29.0,0,116.0,0,0,104.16916083385566,29.879574970484065,0,2007,2008,2009,2010,1.0,4.0,0,0,0,4.0,1.0,1.0,0,0,0,1.0,0.0009727626459143969,0.0009099181073703367,0,0,0,0.0009727626459143969,0.0,0.0,0,0,0,0,1.0,4.0,0,0,0,0.0001905850962454736,0.0006974716652136007,0,0,0,0.0006974716652136007,0,17.0,12.0,14.0,11.0,0,17.0,0.015650172612197928,0.014623955431754874,0.06718480138169257,0.06104417670682731,0,0.06718480138169257,0.0,0.022222222222222223,0.125,0.09302325581395349,0,0.125,0,0.015650172612197928,0.014623955431754874,0.06718480138169257,0.06104417670682731,0.06718480138169257,0,0,0,0,0,"
"
Bucky Hodges,Virginia Tech,0,0,0,TE,201,0,0,78.0,257.0,4.57,39.0,18.0,134.0,0,4.45,117.8415153925999,29.696088099934254,0,2007,2008,2009,2010,2.0,5.0,4.0,0,0,5.0,7.0,5.0,9.0,0,0,9.0,0.013779527559055118,0.009380863039399626,0.014106583072100314,0,0,0.014106583072100314,0.0,0.05263157894736842,0.0,0,0,0.05263157894736842,20.0,27.0,42.0,0,0,0.010293360782295419,0.012471131639722863,0.0157244477723699,0,0,0.0157244477723699,19.065753424657714,11.0,13.0,14.0,0,0,14.0,0.22721382289416847,0.2202826267664173,0.2322689075630252,0,0,0.2322689075630252,0.5833333333333334,0.3333333333333333,0.2916666666666667,0,0,0.5833333333333334,0,0,0.22721382289416847,0.2202826267664173,0.2322689075630252,0.2322689075630252,0,0,0.0,0,0.021739130434782608,"
"
Mason Schreck,Buffalo,0.0,0,0,TE,251,0,0,0.0,0,0,0,0,0,0,0,NA,0,0,2007,2008,2009,2010,0,0,0,0,0,0,0,0,0,0,0,0,0,0,0,0,0,0,0,0,0,0,0,0,0,0,0,0,0,0,0,0,0,0,0,22.824657424657516,8.0,10.0,10.0,11.0,0,11.0,0.05231316725978648,0.03843364757070341,0.07499102978112666,0.37094017094017095,0,0.37094017094017095,0.08695652173913043,0.0,0.0,0.5714285714285714,0,0.5714285714285714,0,0.05231316725978648,0.03843364757070341,0.07499102978112666,0.37094017094017095,0.37094017094017095,0,0,0,0,0,"
"
Hayden Hurst,South Carolina,4.007142857142857,0,0,TE,25,0,0,76.0,250.0,4.67,31.5,0,120.0,7.19,4.37,105.12414632475489,30.42763157894737,0,2007,2008,2009,2010,4.0,3.0,0,0,0,4.0,2.0,9.0,0,0,0,9.0,0.004210526315789474,0.022222222222222223,0,0,0,0.022222222222222223,0.0,0.0625,0,0,0,0.0625,9.0,30.0,0,0,0,0.004907306434023991,0.018495684340320593,0,0,0,0.018495684340320593,23.02191742465766,13.0,12.0,12.0,0,0,13.0,0.044463087248322146,0.28584686774942,0.2501118568232662,0,0,0.28584686774942,0.0,0.09090909090909091,0.125,0,0,0.125,0,0,0.044463087248322146,0.28584686774942,0.2501118568232662,0.28584686774942,0,0,0,0,0,"
"
Mike Gesicki,Penn State,5.50625,1,1,TE,42,0,0,77.0,247.0,4.54,41.5,22.0,129.0,6.76,4.1,116.27960223846479,29.286726260752236,0,2007,2008,2009,2010,0,0,0,0,0,0,0,0,0,0,0,0,0,0,0,0,0,0,0,0,0,0,0,0,0,0,0,0,0,0,0,0,0,0,0,20.912328424657517,10.0,9.0,14.0,9.0,0,14.0,0.03904109589041096,0.04693954187007135,0.2285425782564793,0.17544406357120598,0,0.2285425782564793,0.0,0.05263157894736842,0.20833333333333334,0.391304347826087,0,0.391304347826087,0,0.03904109589041096,0.04693954187007135,0.2285425782564793,0.17544406357120598,0.2285425782564793,0,0,0,0,0,"
"
Mark Andrews,Oklahoma,10.141935483870967,1,1,TE,86,0,0,77.0,256.0,4.67,31.0,17.0,113.0,7.34,4.38,107.64712583654901,30.353853938269523,0,2007,2008,2009,2010,0,0,0,0,0,0,0,0,0,0,0,0,0,0,0,0,0,0,0,0,0,0,0,0,0,0,0,0,0,0,0,0,0,0,0,0,16.0,15.0,15.0,0,0,16.0,0.03841043604300036,0.06207159177456207,0.10449389179755672,0,0,0.10449389179755672,0.10606060606060606,0.1076923076923077,0.10526315789473684,0,0,0.1076923076923077,0,0,0.03841043604300036,0.06207159177456207,0.10449389179755672,0.10449389179755672,0,0,0,0,0,"
"
Ian Thomas,Indiana,3.653125,0,0,TE,101,0,0,76.0,259.0,4.74,36.0,0,123.0,7.15,4.2,102.61630984148435,31.523026315789476,0,2007,2008,2009,2010,0,0,0,0,0,0,0,0,0,0,0,0,0,0,0,0,0,0,0,0,0,0,0,0,0,0,0,0,0,0,0,0,0,0,0,0,9.0,15.0,0,0,0,15.0,0.007929764939110734,0.1337126600284495,0,0,0,0.1337126600284495,0.0,0.25,0,0,0,0.25,0,0,0,0.007929764939110734,0.1337126600284495,0.1337126600284495,0,0,0,0,0,"
"
Will Dissly,Washington,10.95,0,0,TE,120,0,0,76.0,262.0,4.87,28.0,15.0,111.0,7.07,4.4,93.15698883006677,31.88815789473684,0,2007,2008,2009,2010,0,0,0,0,0,0,0,0,0,0,0,0,0,0,0,0,0,0,0,0,0,0,0,0,0,0,0,0,0,0,0,0,0,0,0,0,11.0,14.0,0,0,0,14.0,0.005657878897315517,0.03799864773495605,0,0,0,0.03799864773495605,0.011627906976744186,0.037037037037037035,0,0,0,0.037037037037037035,0,0,0,0.005657878897315517,0.03799864773495605,0.03799864773495605,0,0,0,0,0,"
"
Durham Smythe,Notre Dame,0.7903225806451613,0,0,TE,123,0,0,77.0,253.0,4.81,31.0,18.0,110.0,7.17,4.23,94.53012046604456,29.998144712430427,0,2007,2008,2009,2010,0,0,0,0,0,0,0,0,0,0,0,0,0,0,0,0,0,0,0,0,0,0,0,0,0,0,0,0,0,0,0,0,0,0,0,0,7.0,6.0,12.0,16.0,0,16.0,0.0018898488120950325,0.005379557680812911,0.03805640502888209,0.1171387421987518,0,0.1171387421987518,0.0,0.041666666666666664,0.17391304347826086,0.05263157894736842,0,0.17391304347826086,0,0.0018898488120950325,0.005379557680812911,0.03805640502888209,0.1171387421987518,0.1171387421987518,0.0,1.0,0,0.02857142857142857,0,"
"
Dalton Schultz,Stanford,0.9333333333333335,0,0,TE,137,0,0,77.0,244.0,4.75,32.0,15.0,120.0,7.0,4.4,95.86175673912877,28.93101703491314,0,2007,2008,2009,2010,0,0,0,0,0,0,0,0,0,0,0,0,0,0,0,0,0,0,0,0,0,0,0,0,0,0,0,0,0,0,0,0,0,0,0,0,12.0,9.0,9.0,0,0,12.0,0.04254571026722925,0.12104689203925845,0.08848080133555926,0,0,0.12104689203925845,0.034482758620689655,0.07142857142857142,0.15,0,0,0.15,0,0,0.04254571026722925,0.12104689203925845,0.08848080133555926,0.12104689203925845,52.0,4.0,0,0.0851063829787234,0,"
"
Troy Fumagalli,Wisconsin,1.4363636363636365,0,0,TE,156,0,0,77.0,247.0,0,0,14.0,0,0,0,NA,29.286726260752236,0,2007,2008,2009,2010,0,0,0,0,0,0,0,0,0,0,0,0,0,0,0,0,0,0,0,0,0,0,0,0,0,0,0,0,0,0,0,0,0,0,0,21.536986424657698,13.0,11.0,12.0,11.0,0,13.0,0.09842105263157895,0.11789077212806026,0.30098598858329007,0.2575329566854991,0,0.30098598858329007,0.0,0.07692307692307693,0.16666666666666666,0.2,0,0.2,0,0.09842105263157895,0.11789077212806026,0.30098598858329007,0.2575329566854991,0.30098598858329007,8.0,1.0,0,0.03333333333333333,0,"
"
Tyler Conklin,Central Michigan,0.8548387096774194,0,0,TE,157,0,0,75.0,254.0,4.8,38.0,18.0,120.0,7.13,4.23,95.69709683641976,31.744355555555554,0,2007,2008,2009,2010,0,0,0,0,0,0,0,0,0,0,0,0,0,0,0,0,0,0,0,0,0,0,0,0,0,0,0,0,0,0,0,0,0,0,0,0,15.0,13.0,14.0,0,0,15.0,0.024875621890547265,0.18487949818421923,0.17872340425531916,0,0,0.18487949818421923,0.0,0.35294117647058826,0.22727272727272727,0,0,0.35294117647058826,0,0,0.024875621890547265,0.18487949818421923,0.17872340425531916,0.18487949818421923,0,0,0,0,0,"
"
Jordan Thomas,Mississippi State,3.2047619047619045,0,0,TE,211,0,0,77.0,265.0,4.74,27.0,16.0,111.0,7.5,4.75,104.99352165248399,31.420981615786808,0,2007,2008,2009,2010,0,0,0,0,0,0,0,0,0,0,0,0,0,0,0,0,0,0,0,0,0,0,0,0,0,0,0,0,0,0,0,0,0,0,0,0,5.0,11.0,0,0,0,11.0,0.017923823749066467,0.13479977439368301,0,0,0,0.13479977439368301,0.043478260869565216,0.21428571428571427,0,0,0,0.21428571428571427,0,0,0,0.017923823749066467,0.13479977439368301,0.13479977439368301,0,0,0,0,0,"
"
Ryan Izzo,Florida State,3.9,0,0,TE,250,0,0,77.0,256.0,4.94,33.0,18.0,110.0,7.15,4.43,85.97301657188648,30.353853938269523,0,2007,2008,2009,2010,0,0,0,0,0,0,0,0,0,0,0,0,0,0,0,0,0,0,0,0,0,0,0,0,0,0,0,0,0,0,0,0,0,0,0,0,7.0,15.0,11.0,15.0,0,15.0,0.001709819247679531,0.06735086593970493,0.07080474111041797,0.14189794091316024,0,0.14189794091316024,0.0,0.1,0.045454545454545456,0.16666666666666666,0,0.16666666666666666,0,0.001709819247679531,0.06735086593970493,0.07080474111041797,0.14189794091316024,0.14189794091316024,0,0,0,0,0,"
"
