PosRank,Rank,Player,Tm,Pos,Age,G,GS,Cmp,Att,Yds,Int,Att,Yds,Tgt,Rec,Yds,Y/R,Fumbles,FumblesLost,PassingYds,PassingTD,PassingAtt,RushingYds,RushingTD,RushingAtt,ReceivingYds,ReceivingTD,FantasyPoints
1,0,Todd Gurley,LAR,RB,24,14,14,0,0,0,0,256,1251,81,59,580,9.83,1,1,0,0,0,1251,17,256,580,4,366.1
2,1,Saquon Barkley,NYG,RB,21,16,16,0,0,0,0,261,1307,121,91,721,7.92,0,0,0,0,0,1307,11,261,721,4,383.8
3,2,Christian McCaffrey,CAR,RB,22,16,16,1,1,50,0,219,1098,124,107,867,8.1,4,1,50,1,1,1098,7,219,867,6,385.5
4,3,Alvin Kamara,NOR,RB,23,15,13,0,0,0,0,194,883,105,81,709,8.75,1,0,0,0,0,883,14,194,709,4,348.2
1,4,Patrick Mahomes,KAN,QB,23,16,16,383,580,5097,12,60,272,0,0,0,0,9,2,5097,50,580,272,2,60,0,0,415.08
1,5,Tyreek Hill,KAN,WR,24,16,16,0,0,0,0,22,151,137,87,1479,17,0,0,0,0,0,151,1,22,1479,12,328
5,6,Ezekiel Elliott,DAL,RB,23,15,15,0,0,0,0,304,1434,95,77,567,7.36,6,1,0,0,0,1434,6,304,567,3,329.1
1,7,Travis Kelce,KAN,TE,29,16,16,0,0,0,0,0,0,150,103,1336,12.97,2,1,0,0,0,0,0,0,1336,10,294.6
2,8,Antonio Brown,PIT,WR,30,15,15,0,1,0,0,0,0,168,104,1297,12.47,0,0,0,0,1,0,0,0,1297,15,323.7
3,9,Davante Adams,GNB,WR,26,15,15,0,0,0,0,0,0,169,111,1386,12.49,0,0,0,0,0,0,0,0,1386,13,327.6
4,10,DeAndre Hopkins,HOU,WR,26,16,16,0,1,0,0,1,-7,163,115,1572,13.67,2,2,0,0,1,-7,0,1,1572,11,333.5
5,11,Julio Jones,ATL,WR,29,16,16,0,0,0,0,2,12,170,113,1677,14.84,2,2,0,0,0,12,0,2,1677,8,325.9
6,12,Melvin Gordon,LAC,RB,25,12,12,0,0,0,0,175,885,66,50,490,9.8,1,0,0,0,0,885,10,175,490,4,271.5
7,13,James Conner,PIT,RB,23,13,12,0,0,0,0,215,973,71,55,497,9.04,4,2,0,0,0,973,12,215,497,1,276
2,14,George Kittle,SFO,TE,25,16,16,0,0,0,0,1,10,136,88,1377,15.65,0,0,0,0,0,10,0,1,1377,5,256.7
6,15,Mike Evans,TAM,WR,25,16,16,0,0,0,0,0,0,138,86,1524,17.72,2,1,0,0,0,0,0,0,1524,8,284.4
3,16,Zach Ertz,PHI,TE,28,16,16,0,0,0,0,0,0,156,116,1163,10.03,1,0,0,0,0,0,0,0,1163,8,280.3
7,17,Adam Thielen,MIN,WR,28,16,16,0,0,0,0,5,30,153,113,1373,12.15,1,1,0,0,0,30,0,5,1373,9,305.3
8,18,Michael Thomas,NOR,WR,25,16,16,0,0,0,0,0,0,147,125,1405,11.24,2,2,0,0,0,0,0,0,1405,9,315.5
4,19,Eric Ebron,IND,TE,25,16,8,0,1,0,0,3,-8,110,66,750,11.36,1,1,0,0,1,-8,1,3,750,13,222.2
2,20,Matt Ryan,ATL,QB,33,16,16,422,608,4924,7,33,125,1,1,5,5,10,5,4924,35,608,125,3,33,5,1,350.96
9,21,JuJu Smith-Schuster,PIT,WR,22,16,13,0,0,0,0,1,13,166,111,1426,12.85,1,1,0,0,0,13,0,1,1426,7,294.9
8,22,Kareem Hunt,KAN,RB,23,11,11,0,0,0,0,181,824,35,26,378,14.54,0,0,0,0,0,824,7,181,378,7,230.2
9,23,Joe Mixon,CIN,RB,22,14,13,0,0,0,0,237,1168,55,43,296,6.88,0,0,0,0,0,1168,8,237,296,1,243.4
10,24,Robert Woods,LAR,WR,26,16,16,0,0,0,0,19,157,130,86,1219,14.17,0,0,0,0,0,157,1,19,1219,6,265.6
10,25,David Johnson,ARI,RB,27,16,16,0,0,0,0,258,940,76,50,446,8.92,3,2,0,0,0,940,7,258,446,3,244.6
3,26,Ben Roethlisberger,PIT,QB,36,16,16,452,675,5129,16,31,98,1,1,-1,-1,7,2,5129,34,675,98,3,31,-1,0,333.86
11,27,James White,NWE,RB,26,16,3,0,0,0,0,94,425,123,87,751,8.63,0,0,0,0,0,425,5,94,751,7,276.6
12,28,Phillip Lindsay,DEN,RB,24,15,8,0,0,0,0,192,1037,47,35,241,6.89,0,0,0,0,0,1037,9,192,241,1,222.8
13,29,Derrick Henry,TEN,RB,24,16,12,2,3,14,0,215,1059,18,15,99,6.6,1,1,14,0,3,1059,12,215,99,0,201.36
4,30,Deshaun Watson,HOU,QB,23,16,16,345,505,4165,9,99,551,0,0,0,0,9,3,4165,26,505,551,5,99,0,0,331.7
11,31,Tyler Lockett,SEA,WR,26,16,14,0,0,0,0,13,69,70,57,965,16.93,2,0,0,0,0,69,0,13,965,10,220.4
12,32,Stefon Diggs,MIN,WR,25,15,14,0,0,0,0,10,62,149,102,1021,10.01,0,0,0,0,0,62,0,10,1021,9,264.3
13,33,Brandin Cooks,LAR,WR,25,16,16,0,0,0,0,10,68,117,80,1204,15.05,1,0,0,0,0,68,1,10,1204,5,243.2
14,34,Keenan Allen,LAC,WR,26,16,14,0,0,0,0,9,75,136,97,1196,12.33,3,1,0,0,0,75,0,9,1196,6,258.1
15,35,T.Y. Hilton,IND,WR,29,14,14,0,0,0,0,0,0,120,76,1270,16.71,0,0,0,0,0,0,0,0,1270,6,239
14,36,Chris Carson,SEA,RB,24,14,14,0,0,0,0,247,1151,24,20,163,8.15,3,2,0,0,0,1151,9,247,163,0,201.4
5,37,Andrew Luck,IND,QB,29,16,16,430,639,4593,15,46,148,2,1,4,4,6,1,4593,39,639,148,0,46,4,0,323.92
5,38,Jared Cook,OAK,TE,31,16,14,0,0,0,0,0,0,101,68,896,13.18,0,0,0,0,0,0,0,0,896,6,193.6
15,39,Nick Chubb,CLE,RB,23,16,9,0,0,0,0,192,996,29,20,149,7.45,0,0,0,0,0,996,8,192,149,2,194.5
16,40,Odell Beckham,NYG,WR,26,12,12,2,2,106,0,5,19,124,77,1052,13.66,2,1,106,2,2,19,0,5,1052,6,230.34
16,41,Adrian Peterson,WAS,RB,33,16,16,0,0,0,0,251,1042,26,20,208,10.4,3,2,0,0,0,1042,7,251,208,1,189
6,42,Aaron Rodgers,GNB,QB,35,16,16,372,597,4442,2,43,269,0,0,0,0,6,3,4442,25,597,269,2,43,0,0,306.58
17,43,Tyler Boyd,CIN,WR,24,14,14,0,1,0,0,2,3,108,76,1028,13.53,0,0,0,0,1,3,0,2,1028,7,221.1
7,44,Jared Goff,LAR,QB,24,16,16,364,561,4688,12,43,108,0,0,0,0,12,5,4688,32,561,108,2,43,0,0,304.32
17,45,Tarik Cohen,CHI,RB,23,16,7,1,1,1,0,99,444,91,71,725,10.21,7,3,1,1,1,444,3,99,725,5,233.94
18,46,Calvin Ridley,ATL,WR,24,16,5,0,0,0,0,6,27,92,64,821,12.83,2,1,0,0,0,27,0,6,821,10,206.8
18,47,Tevin Coleman,ATL,RB,25,16,14,0,0,0,0,167,800,44,32,276,8.63,2,0,0,0,0,800,4,167,276,5,193.6
19,48,Marlon Mack,IND,RB,22,12,10,0,0,0,0,195,908,26,17,103,6.06,2,2,0,0,0,908,9,195,103,1,174.1
20,49,Jordan Howard,CHI,RB,24,16,15,0,0,0,0,250,935,26,20,145,7.25,2,1,0,0,0,935,9,250,145,0,180
19,50,Amari Cooper,2TM,WR,24,15,15,0,0,0,0,2,20,107,75,1005,13.4,2,2,0,0,0,20,0,2,1005,7,215.5
8,51,Drew Brees,NOR,QB,39,15,15,364,489,3992,5,31,22,1,1,1,1,5,1,3992,32,489,22,4,31,1,0,302.98
20,52,Mike Williams,LAC,WR,24,16,5,0,0,0,0,7,28,66,43,664,15.44,0,0,0,0,0,28,1,7,664,10,178.2
21,53,Kenny Golladay,DET,WR,25,15,13,0,0,0,0,1,8,119,70,1063,15.19,1,0,0,0,0,8,0,1,1063,5,207.1
22,54,Jarvis Landry,CLE,WR,26,16,14,1,2,63,0,3,60,149,81,976,12.05,1,1,63,0,2,60,1,3,976,4,215.12
21,55,Kenyan Drake,MIA,RB,24,16,7,0,0,0,0,120,535,73,53,477,9,2,1,0,0,0,535,4,120,477,5,206.2
23,56,Julian Edelman,NWE,WR,32,12,12,2,2,43,0,9,107,108,74,850,11.49,1,0,43,0,2,107,0,9,850,6,207.42
9,57,Russell Wilson,SEA,QB,30,16,16,280,427,3448,7,67,376,1,1,-11,-11,10,2,3448,35,427,376,0,67,-11,0,297.42
22,58,Lamar Miller,HOU,RB,27,14,14,0,0,0,0,210,973,35,25,163,6.52,1,1,0,0,0,973,5,210,163,1,172.6
24,59,Emmanuel Sanders,DEN,WR,31,12,12,1,1,28,0,4,53,98,71,868,12.23,1,0,28,1,1,53,1,4,868,4,198.22
6,60,Trey Burton,CHI,TE,27,16,16,0,0,0,0,1,2,76,54,569,10.54,1,1,0,0,0,2,0,1,569,6,145.1
23,61,Aaron Jones,GNB,RB,24,12,8,0,0,0,0,133,728,35,26,206,7.92,1,1,0,0,0,728,8,133,206,1,171.4
25,62,Chris Godwin,TAM,WR,22,16,5,0,0,0,0,0,0,95,59,842,14.27,4,1,0,0,0,0,0,0,842,7,183.2
7,63,Austin Hooper,ATL,TE,24,16,7,0,0,0,0,0,0,88,71,660,9.3,0,0,0,0,0,0,0,0,660,4,161
8,64,David Njoku,CLE,TE,22,16,14,0,0,0,0,0,0,88,56,639,11.41,0,0,0,0,0,0,0,0,639,4,143.9
9,65,Kyle Rudolph,MIN,TE,29,16,16,0,0,0,0,0,0,82,64,634,9.91,0,0,0,0,0,0,0,0,634,4,151.4
26,66,Alshon Jeffery,PHI,WR,28,13,13,0,0,0,0,0,0,92,65,843,12.97,1,0,0,0,0,0,0,0,843,6,185.3
10,67,O.J. Howard,TAM,TE,24,10,8,0,0,0,0,0,0,48,34,565,16.62,0,0,0,0,0,0,0,0,565,5,120.5
10,68,Dak Prescott,DAL,QB,25,16,16,356,526,3885,8,75,305,1,0,0,0,12,6,3885,22,526,305,6,75,0,0,281.9
11,69,Philip Rivers,LAC,QB,37,16,16,347,508,4308,12,18,7,0,0,0,0,2,1,4308,32,508,7,0,18,0,0,275.02
27,70,Corey Davis,TEN,WR,23,16,16,0,0,0,0,6,55,112,65,891,13.71,1,0,0,0,0,55,0,6,891,4,183.6
11,71,Rob Gronkowski,NWE,TE,29,13,11,0,0,0,0,0,0,72,47,682,14.51,1,1,0,0,0,0,0,0,682,3,131.2
28,72,Larry Fitzgerald,ARI,WR,35,16,16,1,1,32,0,0,0,112,69,734,10.64,0,0,32,1,1,0,0,0,734,6,183.68
29,73,Sterling Shepard,NYG,WR,25,16,16,0,0,0,0,3,33,107,66,872,13.21,1,0,0,0,0,33,0,3,872,4,180.5
30,74,Mohamed Sanu,ATL,WR,29,16,16,1,2,5,0,7,44,94,66,838,12.7,2,1,5,1,2,44,0,7,838,4,180.4
24,75,Matt Breida,SFO,RB,23,14,13,0,0,0,0,153,814,31,27,261,9.67,1,1,0,0,0,814,3,153,261,2,162.5
1,76,Shane Smith,NYG,0,25,2,0,0,0,0,0,0,0,0,0,0,0,0,0,0,0,0,0,0,0,0,0,0
12,77,Vance McDonald,PIT,TE,28,15,14,0,0,0,0,0,0,72,50,610,12.2,2,1,0,0,0,0,0,0,610,4,133
12,78,Cam Newton,CAR,QB,29,14,14,320,471,3395,13,101,488,0,0,0,0,6,0,3395,24,471,488,4,101,0,0,278.6
13,79,Kirk Cousins,MIN,QB,30,16,16,425,606,4298,10,44,123,1,1,-1,-1,9,7,4298,30,606,123,1,44,-1,0,277.12
14,80,Tom Brady,NWE,QB,41,16,16,375,570,4355,11,23,35,1,1,6,6,4,2,4355,29,570,35,2,23,6,0,281.3
15,81,Mitchell Trubisky,CHI,QB,24,14,14,289,434,3223,12,68,421,0,0,0,0,6,3,3223,24,434,421,3,68,0,0,255.02
16,82,Eli Manning,NYG,QB,37,16,16,380,576,4299,11,15,20,0,0,0,0,7,4,4299,21,576,20,1,15,0,0,233.96
17,83,Baker Mayfield,CLE,QB,23,14,13,310,486,3725,14,39,131,1,0,0,0,7,3,3725,27,486,131,0,39,0,0,236.1
18,84,Derek Carr,OAK,QB,27,16,16,381,553,4049,10,24,47,1,1,-9,-9,12,7,4049,19,553,47,1,24,-9,0,214.76
19,85,Case Keenum,DEN,QB,30,16,16,365,586,3890,15,26,93,0,0,0,0,11,2,3890,18,586,93,2,26,0,0,214.9
20,86,Matthew Stafford,DET,QB,30,16,16,367,555,3777,11,25,71,0,0,0,0,6,4,3777,21,555,71,0,25,0,0,212.18
21,87,Josh Allen,BUF,QB,22,12,11,169,320,2074,12,89,631,1,0,0,0,8,2,2074,10,320,631,8,89,0,0,206.06
22,88,Jameis Winston,TAM,QB,24,11,9,244,378,2992,14,49,281,0,0,0,0,7,3,2992,19,378,281,1,49,0,0,195.78
23,89,Carson Wentz,PHI,QB,26,11,11,279,401,3074,7,34,93,1,1,4,4,9,6,3074,21,401,93,0,34,4,0,191.66
24,90,Andy Dalton,CIN,QB,31,11,11,226,365,2566,11,16,99,0,0,0,0,1,0,2566,21,365,99,0,16,0,0,174.54
25,91,Marcus Mariota,TEN,QB,25,14,13,228,331,2528,8,64,357,1,1,21,21,9,2,2528,11,331,357,2,64,21,0,175.92
26,92,Blake Bortles,JAX,QB,26,13,12,243,403,2718,11,58,365,0,0,0,0,8,4,2718,13,403,365,1,58,0,0,173.22
27,93,Sam Darnold,NYJ,QB,21,13,13,239,414,2865,15,44,138,0,0,0,0,5,2,2865,17,414,138,1,44,0,0,168.4
28,94,Ryan Fitzpatrick,TAM,QB,36,8,7,164,246,2366,12,36,152,0,0,0,0,4,1,2366,17,246,152,2,36,0,0,163.84
29,95,Lamar Jackson,BAL,QB,21,16,7,99,170,1201,3,147,695,2,0,0,0,12,4,1201,6,170,695,5,147,0,0,157.54
30,96,Ryan Tannehill,MIA,QB,30,11,11,176,274,1979,9,32,145,1,1,3,3,5,4,1979,17,274,145,0,32,3,1,142.96
31,97,Alex Smith,WAS,QB,34,10,10,205,328,2180,5,41,168,0,0,0,0,6,1,2180,10,328,168,1,41,0,0,138
32,98,Joe Flacco,BAL,QB,33,9,9,232,379,2465,6,19,45,0,0,0,0,3,1,2465,12,379,45,0,19,0,0,137.1
25,99,Sony Michel,NWE,RB,23,13,8,0,0,0,0,209,931,11,7,50,7.14,1,1,0,0,0,931,6,209,50,0,139.1
26,100,Peyton Barber,TAM,RB,24,16,16,0,0,0,0,234,871,29,20,92,4.6,1,1,0,0,0,871,5,234,92,1,150.3
27,101,Austin Ekeler,LAC,RB,23,14,3,0,0,0,0,106,554,53,39,404,10.36,1,1,0,0,0,554,3,106,404,3,168.8
33,102,Nick Mullens,SFO,QB,23,8,8,176,274,2277,10,18,-16,0,0,0,0,2,0,2277,13,274,-16,0,18,0,0,121.48
28,103,Mark Ingram,NOR,RB,29,12,6,0,0,0,0,138,645,27,21,170,8.1,3,1,0,0,0,645,6,138,170,1,142.5
29,104,Isaiah Crowell,NYJ,RB,25,13,6,0,0,0,0,143,685,28,21,152,7.24,0,0,0,0,0,685,6,143,152,0,140.7
30,105,T.J. Yeldon,JAX,RB,25,14,5,0,0,0,0,104,414,78,55,487,8.85,1,1,0,0,0,414,1,104,487,4,173.1
31,106,Dede Westbrook,JAX,WR,25,16,9,0,1,0,0,9,98,101,66,717,10.86,3,2,0,0,1,98,0,9,717,5,173.5
32,107,Adam Humphries,TAM,WR,25,16,10,0,0,0,0,2,11,105,76,816,10.74,2,0,0,0,0,11,0,2,816,5,188.7
34,108,Josh Rosen,ARI,QB,21,14,13,217,393,2278,14,23,138,0,0,0,0,10,5,2278,11,393,138,0,23,0,0,110.92
31,109,Dalvin Cook,MIN,RB,23,11,10,0,0,0,0,133,615,49,40,305,7.63,2,2,0,0,0,615,2,133,305,2,152
33,110,DeSean Jackson,TAM,WR,32,12,10,0,0,0,0,6,29,74,41,774,18.88,0,0,0,0,0,29,1,6,774,4,151.3
32,111,Latavius Murray,MIN,RB,28,16,6,0,0,0,0,140,578,26,22,141,6.41,0,0,0,0,0,578,6,140,141,0,129.9
34,112,Zay Jones,BUF,WR,23,16,15,0,1,0,0,1,0,102,56,652,11.64,1,0,0,0,1,0,0,1,652,7,163.2
35,113,Golden Tate,2TM,WR,30,15,8,0,0,0,0,4,34,113,74,795,10.74,3,0,0,0,0,34,0,4,795,4,180.9
33,114,Kerryon Johnson,DET,RB,21,10,7,0,0,0,0,118,641,39,32,213,6.66,1,1,0,0,0,641,3,118,213,1,139.4
36,115,Robby Anderson,NYJ,WR,25,14,9,0,0,0,0,2,-8,94,50,752,15.04,2,2,0,0,0,-8,0,2,752,6,156.4
34,116,Mike Davis,SEA,RB,25,15,2,0,0,0,0,112,514,42,34,214,6.29,0,0,0,0,0,514,4,112,214,1,136.8
37,117,A.J. Green,CIN,WR,30,9,9,0,0,0,0,0,0,77,46,694,15.09,2,1,0,0,0,0,0,0,694,6,149.4
38,118,John Brown,BAL,WR,28,16,15,0,0,0,0,3,4,97,42,715,17.02,0,0,0,0,0,4,0,3,715,5,143.9
35,119,Dion Lewis,TEN,RB,28,16,7,0,0,0,0,155,517,67,59,400,6.78,1,1,0,0,0,517,1,155,400,1,160.7
36,120,Doug Martin,OAK,RB,29,16,9,0,0,0,0,172,723,24,18,116,6.44,3,3,0,0,0,723,4,172,116,0,119.9
39,121,D.J. Moore,CAR,WR,21,16,10,0,0,0,0,13,172,82,55,788,14.33,4,3,0,0,0,172,0,13,788,2,157
40,122,Nelson Agholor,PHI,WR,25,16,16,1,1,15,0,3,32,97,64,736,11.5,1,0,15,0,1,32,0,3,736,4,165.4
37,123,Leonard Fournette,JAX,RB,23,8,8,0,0,0,0,133,439,26,22,185,8.41,0,0,0,0,0,439,5,133,185,1,120.4
41,124,Josh Gordon,2TM,WR,27,12,12,0,0,0,0,0,0,71,41,737,17.98,0,0,0,0,0,0,0,0,737,4,138.7
38,125,Nyheim Hines,IND,RB,22,16,4,0,0,0,0,85,314,81,63,425,6.75,1,0,0,0,0,314,2,85,425,2,160.9
42,126,Allen Robinson,CHI,WR,25,13,12,0,0,0,0,1,9,94,55,754,13.71,1,1,0,0,0,9,0,1,754,4,153.3
43,127,Curtis Samuel,CAR,WR,22,13,8,0,0,0,0,8,84,65,39,494,12.67,1,1,0,0,0,84,2,8,494,5,136.8
44,128,Demaryius Thomas,2TM,WR,31,15,15,0,0,0,0,0,0,89,59,677,11.47,0,0,0,0,0,0,0,0,677,5,156.7
45,129,Kenny Stills,MIA,WR,26,15,15,1,1,3,0,0,0,64,37,553,14.95,1,0,3,1,1,0,0,0,553,6,132.42
46,130,Tyrell Williams,LAC,WR,26,16,10,0,0,0,0,2,15,65,41,653,15.93,2,0,0,0,0,15,0,2,653,5,137.8
47,131,Cooper Kupp,LAR,WR,25,8,8,0,0,0,0,4,25,55,40,566,14.15,0,0,0,0,0,25,0,4,566,6,135.1
39,132,Alex Collins,BAL,RB,24,10,10,0,0,0,0,114,411,21,15,105,7,3,3,0,0,0,411,7,114,105,1,108.6
48,133,Jordy Nelson,OAK,WR,33,15,14,0,0,0,0,1,-2,88,63,739,11.73,1,0,0,0,0,-2,0,1,739,3,154.7
49,134,Courtland Sutton,DEN,WR,23,16,9,0,0,0,0,1,-1,84,42,704,16.76,0,0,0,0,0,-1,0,1,704,4,136.3
40,135,LeSean McCoy,BUF,RB,30,14,13,0,0,0,0,161,514,46,34,238,7,0,0,0,0,0,514,3,161,238,0,127.2
50,136,Doug Baldwin,SEA,WR,30,13,13,0,0,0,0,0,0,73,50,618,12.36,0,0,0,0,0,0,0,0,618,5,141.8
41,137,Frank Gore,MIA,RB,35,14,14,0,0,0,0,156,722,16,12,124,10.33,1,0,0,0,0,722,0,156,124,1,102.6
51,138,Antonio Callaway,CLE,WR,21,16,11,0,0,0,0,2,7,79,43,586,13.63,1,1,0,0,0,7,0,2,586,5,130.3
42,139,Jalen Richard,OAK,RB,25,16,1,0,0,0,0,55,259,81,68,607,8.93,3,2,0,0,0,259,1,55,607,0,156.6
43,140,Wendell Smallwood,PHI,RB,24,16,6,0,0,0,0,87,364,35,28,230,8.21,2,1,0,0,0,364,3,87,230,2,115.4
44,141,Gus Edwards,BAL,RB,23,11,6,0,0,0,0,137,718,2,2,20,10,0,0,0,0,0,718,2,137,20,0,87.8
45,142,Carlos Hyde,2TM,RB,28,14,7,0,0,0,0,172,571,16,10,33,3.3,2,1,0,0,0,571,5,172,33,0,98.4
46,143,Royce Freeman,DEN,RB,22,14,8,0,0,0,0,130,521,20,14,72,5.14,1,1,0,0,0,521,5,130,72,0,101.3
52,144,Anthony Miller,CHI,WR,24,15,4,1,1,8,0,6,26,54,33,423,12.82,1,0,8,0,1,26,0,6,423,7,120.22
47,145,Jamaal Williams,GNB,RB,23,16,8,0,0,0,0,121,464,41,27,210,7.78,0,0,0,0,0,464,3,121,210,0,112.4
53,146,Cole Beasley,DAL,WR,29,16,4,0,1,0,0,0,0,87,65,672,10.34,0,0,0,0,1,0,0,0,672,3,150.2
35,147,Jeff Driskel,CIN,QB,25,9,5,105,176,1003,2,25,130,0,0,0,0,4,1,1003,6,176,130,2,25,0,0,83.12
54,148,Taylor Gabriel,CHI,WR,27,16,11,0,0,0,0,9,61,93,67,688,10.27,1,1,0,0,0,61,0,9,688,2,151.9
48,149,Duke Johnson,CLE,RB,25,16,2,0,0,0,0,40,201,62,47,429,9.13,1,0,0,0,0,201,0,40,429,3,128
55,150,Donte Moncrief,JAX,WR,25,16,14,0,0,0,0,0,0,89,48,668,13.92,1,1,0,0,0,0,0,0,668,3,130.8
13,151,Evan Engram,NYG,TE,24,11,8,0,0,0,0,3,36,64,45,577,12.82,0,0,0,0,0,36,0,3,577,3,124.3
56,152,Marvin Jones,DET,WR,28,9,9,0,0,0,0,0,0,62,35,508,14.51,0,0,0,0,0,0,0,0,508,5,115.8
57,153,Christian Kirk,ARI,WR,22,12,7,0,0,0,0,3,35,68,43,590,13.72,0,0,0,0,0,35,0,3,590,3,123.5
58,154,Michael Crabtree,BAL,WR,31,16,16,0,0,0,0,0,0,100,54,607,11.24,0,0,0,0,0,0,0,0,607,3,132.7
59,155,Devin Funchess,CAR,WR,24,14,12,0,0,0,0,0,0,79,44,549,12.48,0,0,0,0,0,0,0,0,549,4,122.9
60,156,Rashard Higgins,CLE,WR,24,13,1,0,0,0,0,0,0,53,39,572,14.67,2,1,0,0,0,0,0,0,572,4,118.2
49,157,LeGarrette Blount,DET,RB,32,16,8,0,0,0,0,154,418,15,10,67,6.7,2,1,0,0,0,418,5,154,67,0,86.5
50,158,Alfred Blue,HOU,RB,27,16,2,0,0,0,0,150,499,27,20,154,7.7,0,0,0,0,0,499,2,150,154,0,97.3
61,159,Dante Pettis,SFO,WR,23,12,7,0,0,0,0,1,-2,45,27,467,17.3,2,0,0,0,0,-2,0,1,467,5,103.5
14,160,Jimmy Graham,GNB,TE,32,16,12,0,0,0,0,0,0,89,55,636,11.56,0,0,0,0,0,0,0,0,636,2,130.6
62,161,Cordarrelle Patterson,NWE,WR,27,15,5,0,0,0,0,42,228,28,21,247,11.76,1,1,0,0,0,228,1,42,247,3,90.5
51,162,Damien Williams,KAN,RB,26,16,3,0,0,0,0,50,256,24,23,160,6.96,1,1,0,0,0,256,4,50,160,2,98.6
52,163,Josh Adams,PHI,RB,22,14,5,0,0,0,0,120,511,13,7,58,8.29,1,1,0,0,0,511,3,120,58,0,79.9
36,164,C.J. Beathard,SFO,QB,25,6,5,102,169,1252,7,19,69,0,0,0,0,5,3,1252,8,169,69,1,19,0,0,74.98
37,165,Nick Foles,PHI,QB,29,5,5,141,195,1413,4,9,17,1,1,10,10,4,2,1413,7,195,17,0,9,10,0,76.22
63,166,David Moore,SEA,WR,23,16,7,0,0,0,0,1,5,53,26,445,17.12,2,0,0,0,0,5,0,1,445,5,101
64,167,Sammy Watkins,KAN,WR,25,10,9,0,0,0,0,5,52,55,40,519,12.98,1,0,0,0,0,52,0,5,519,3,115.1
65,168,Will Fuller,HOU,WR,24,7,7,0,0,0,0,0,0,45,32,503,15.72,0,0,0,0,0,0,0,0,503,4,106.3
15,169,Chris Herndon,NYJ,TE,22,16,12,0,0,0,0,0,0,56,39,502,12.87,2,0,0,0,0,0,0,0,502,4,113.2
16,170,Mark Andrews,BAL,TE,22,16,3,0,0,0,0,0,0,50,34,552,16.24,0,0,0,0,0,0,0,0,552,3,107.2
66,171,Kendrick Bourne,SFO,WR,23,16,8,0,0,0,0,0,0,66,42,487,11.6,1,0,0,0,0,0,0,0,487,4,114.7
67,172,Tre'Quan Smith,NOR,WR,22,15,7,0,0,0,0,0,0,44,28,427,15.25,0,0,0,0,0,0,0,0,427,5,100.7
68,173,Marquez Valdes-Scantling,GNB,WR,24,16,10,0,0,0,0,2,29,73,38,581,15.29,0,0,0,0,0,29,0,2,581,2,111
69,174,Robert Foster,BUF,WR,24,13,3,0,0,0,0,0,0,44,27,541,20.04,0,0,0,0,0,0,0,0,541,3,99.1
70,175,Willie Snead,BAL,WR,26,16,10,0,0,0,0,1,13,95,62,651,10.5,0,0,0,0,0,13,0,1,651,1,134.4
71,176,Chris Hogan,NWE,WR,31,16,7,0,0,0,0,0,0,55,35,532,15.2,0,0,0,0,0,0,0,0,532,3,106.2
72,177,Josh Reynolds,LAR,WR,23,16,8,0,0,0,0,2,8,53,29,402,13.86,0,0,0,0,0,8,0,2,402,5,100
53,178,Ito Smith,ATL,RB,23,14,0,0,0,0,0,90,315,32,27,152,5.63,1,0,0,0,0,315,4,90,152,0,97.7
73,179,Albert Wilson,MIA,WR,26,7,3,1,1,52,0,8,16,35,26,391,15.04,0,0,52,1,1,16,0,8,391,4,96.78
74,180,Danny Amendola,MIA,WR,33,15,15,1,1,28,0,1,-2,79,59,575,9.75,2,0,28,1,1,-2,0,1,575,1,127.42
38,181,Brock Osweiler,MIA,QB,28,7,5,113,178,1247,4,8,21,0,0,0,0,1,1,1247,6,178,21,0,8,0,0,65.98
54,182,Elijah McGuire,NYJ,RB,24,8,3,0,0,0,0,92,276,31,19,193,10.16,2,2,0,0,0,276,3,92,193,1,85.9
17,183,Jordan Reed,WAS,TE,28,13,8,0,0,0,0,0,0,84,54,558,10.33,1,1,0,0,0,0,0,0,558,2,119.8
75,184,Josh Doctson,WAS,WR,26,15,12,0,0,0,0,0,0,78,44,532,12.09,0,0,0,0,0,0,0,0,532,2,109.2
76,185,Michael Gallup,DAL,WR,22,16,8,0,0,0,0,0,0,68,33,507,15.36,0,0,0,0,0,0,0,0,507,2,95.7
55,186,Chris Ivory,BUF,RB,30,13,1,0,0,0,0,115,385,21,13,205,15.77,1,0,0,0,0,385,1,115,205,0,78
77,187,Marquise Goodwin,SFO,WR,28,11,8,0,0,0,0,4,9,43,23,395,17.17,1,0,0,0,0,9,0,4,395,4,87.4
56,188,Marshawn Lynch,OAK,RB,32,6,6,0,0,0,0,90,376,20,15,84,5.6,0,0,0,0,0,376,3,90,84,0,79
78,189,Chester Rogers,IND,WR,24,16,10,0,0,0,0,1,-4,72,53,485,9.15,1,0,0,0,0,-4,0,1,485,2,113.1
79,190,John Ross,CIN,WR,24,13,10,0,0,0,0,4,9,58,21,210,10,0,0,0,0,0,9,0,4,210,7,84.9
57,191,Jaylen Samuels,PIT,RB,22,14,3,0,0,0,0,56,256,29,26,199,7.65,1,0,0,0,0,256,0,56,199,3,89.5
18,192,Cameron Brate,TAM,TE,27,16,2,0,0,0,0,0,0,49,30,289,9.63,1,1,0,0,0,0,0,0,289,6,92.9
58,193,C.J. Anderson,2TM,RB,27,11,3,0,0,0,0,67,403,9,5,41,8.2,0,0,0,0,0,403,2,67,41,1,67.4
80,194,Seth Roberts,OAK,WR,27,15,7,0,0,0,0,3,5,64,45,494,10.98,0,0,0,0,0,5,0,3,494,2,106.9
19,195,C.J. Uzomah,CIN,TE,25,16,15,0,0,0,0,0,0,64,43,439,10.21,0,0,0,0,0,0,0,0,439,3,104.9
59,196,Giovani Bernard,CIN,RB,27,12,4,0,0,0,0,56,211,48,35,218,6.23,0,0,0,0,0,211,3,56,218,0,95.9
60,197,Rashaad Penny,SEA,RB,22,14,0,0,0,0,0,85,419,12,9,75,8.33,0,0,0,0,0,419,2,85,75,0,70.4
61,198,Alfred Morris,SFO,RB,30,12,1,0,0,0,0,111,428,13,8,73,9.13,2,1,0,0,0,428,2,111,73,0,68.1
62,199,Javorius Allen,BAL,RB,27,14,0,0,0,0,0,41,110,43,35,196,5.6,1,1,0,0,0,110,3,41,196,2,93.6
63,200,Corey Clement,PHI,RB,24,11,0,0,0,0,0,68,259,25,22,192,8.73,4,0,0,0,0,259,2,68,192,0,79.1
81,201,Chris Conley,KAN,WR,26,16,13,0,0,0,0,0,0,52,32,334,10.44,2,2,0,0,0,0,0,0,334,5,91.4
64,202,Spencer Ware,KAN,RB,27,13,2,0,0,0,0,51,246,23,20,224,11.2,0,0,0,0,0,246,2,51,224,0,79
20,203,Dallas Goedert,PHI,TE,23,16,8,0,0,0,0,0,0,44,33,334,10.12,0,0,0,0,0,0,0,0,334,4,90.4
65,204,Theo Riddick,DET,RB,27,14,3,0,0,0,0,40,171,74,61,384,6.3,0,0,0,0,0,171,0,40,384,0,116.5
82,205,Jarius Wright,CAR,WR,29,16,6,0,0,0,0,2,39,59,43,447,10.4,3,1,0,0,0,39,0,2,447,1,95.6
83,206,Jamison Crowder,WAS,WR,25,9,7,0,0,0,0,4,30,49,29,388,13.38,0,0,0,0,0,30,0,4,388,2,82.8
21,207,Gerald Everett,LAR,TE,24,16,0,0,0,0,0,2,16,50,33,320,9.7,0,0,0,0,0,16,0,2,320,3,84.6
22,208,Jesse James,PIT,TE,24,16,7,0,0,0,0,0,0,39,30,423,14.1,0,0,0,0,0,0,0,0,423,2,84.3
23,209,Greg Olsen,CAR,TE,33,9,9,0,0,0,0,0,0,38,27,291,10.78,0,0,0,0,0,0,0,0,291,4,80.1
84,210,Aldrick Robinson,MIN,WR,30,14,0,0,0,0,0,0,0,35,17,231,13.59,0,0,0,0,0,0,0,0,231,5,70.1
85,211,Demarcus Robinson,KAN,WR,24,16,5,0,0,0,0,0,0,33,22,288,13.09,0,0,0,0,0,0,0,0,288,4,74.8
24,212,Ben Watson,NOR,TE,38,16,4,0,0,0,0,0,0,46,35,400,11.43,0,0,0,0,0,0,0,0,400,2,87
86,213,Keelan Cole,JAX,WR,25,16,11,0,0,0,0,0,0,70,38,491,12.92,2,2,0,0,0,0,0,0,491,1,89.1
25,214,Vernon Davis,WAS,TE,34,14,8,0,0,0,0,0,0,36,25,367,14.68,0,0,0,0,0,0,0,0,367,2,73.7
87,215,Jakeem Grant,MIA,WR,26,10,2,0,0,0,0,1,5,34,21,268,12.76,0,0,0,0,0,5,0,1,268,2,60.3
88,216,Taywan Taylor,TEN,WR,23,13,5,0,0,0,0,0,0,56,37,466,12.59,1,1,0,0,0,0,0,0,466,1,87.6
66,217,Chris Thompson,WAS,RB,28,10,0,0,0,0,0,43,178,55,41,268,6.54,1,0,0,0,0,178,0,43,268,1,91.6
67,218,Devontae Booker,DEN,RB,26,16,0,0,0,0,0,34,183,51,38,275,7.24,1,1,0,0,0,183,1,34,275,0,87.8
89,219,Phillip Dorsett,NWE,WR,25,16,2,0,0,0,0,4,29,42,32,290,9.06,0,0,0,0,0,29,0,4,290,3,81.9
39,220,Josh Johnson,WAS,QB,32,4,3,52,91,590,4,23,120,0,0,0,0,2,0,590,3,91,120,1,23,0,0,45.6
68,221,Zach Zenner,DET,RB,27,8,1,0,0,0,0,55,265,10,7,56,8,0,0,0,0,0,265,3,55,56,0,57.1
90,222,Quincy Enunwa,NYJ,WR,26,11,10,0,0,0,0,1,0,68,38,449,11.82,2,1,0,0,0,0,0,1,449,1,86.9
26,223,Blake Jarwin,DAL,TE,24,16,4,0,0,0,0,0,0,36,27,307,11.37,0,0,0,0,0,0,0,0,307,3,75.7
69,224,Bilal Powell,NYJ,RB,30,7,7,0,0,0,0,80,343,18,11,110,10,2,1,0,0,0,343,0,80,110,1,60.3
91,225,Randall Cobb,GNB,WR,28,9,6,0,0,0,0,0,0,61,38,383,10.08,2,1,0,0,0,0,0,0,383,2,86.3
70,226,Kenneth Dixon,BAL,RB,24,6,0,0,0,0,0,60,333,7,6,51,8.5,2,1,0,0,0,333,2,60,51,0,54.4
40,227,Jimmy Garoppolo,SFO,QB,27,3,3,53,89,718,3,8,33,0,0,0,0,4,0,718,5,89,33,0,8,0,0,46.02
92,228,Dontrelle Inman,IND,WR,29,9,4,0,0,0,0,0,0,39,28,304,10.86,0,0,0,0,0,0,0,0,304,3,76.4
93,229,Jaron Brown,SEA,WR,28,16,2,0,0,0,0,0,0,19,14,166,11.86,0,0,0,0,0,0,0,0,166,5,60.6
27,230,Antonio Gates,LAC,TE,38,16,1,0,0,0,0,0,0,45,28,333,11.89,1,1,0,0,0,0,0,0,333,2,71.3
71,231,Kapri Bibbs,2TM,RB,25,12,0,0,0,0,0,21,103,23,16,115,7.19,1,0,0,0,0,103,3,21,115,1,61.8
72,232,Justin Jackson,LAC,RB,23,13,1,0,0,0,0,50,206,19,15,135,9,0,0,0,0,0,206,2,50,135,0,61.1
94,233,Ty Montgomery,2TM,WR,25,13,0,0,0,0,0,41,188,40,25,235,9.4,2,1,0,0,0,188,1,41,235,0,71.3
95,234,Breshad Perriman,CLE,WR,25,10,2,0,0,0,0,4,2,25,16,340,21.25,0,0,0,0,0,2,0,4,340,2,62.2
73,235,Darren Sproles,PHI,RB,35,6,2,0,0,0,0,29,120,23,15,160,10.67,0,0,0,0,0,120,1,29,160,2,61
28,236,Jordan Thomas,HOU,TE,22,16,10,0,0,0,0,0,0,27,20,215,10.75,0,0,0,0,0,0,0,0,215,4,65.5
74,237,Jacquizz Rodgers,TAM,RB,28,16,0,0,0,0,0,33,106,45,38,304,8,1,1,0,0,0,106,1,33,304,0,83
96,238,Tajae Sharpe,TEN,WR,24,16,13,0,0,0,0,1,16,47,26,316,12.15,0,0,0,0,0,16,0,1,316,2,71.2
29,239,Ian Thomas,CAR,TE,22,16,6,0,0,0,0,0,0,49,36,333,9.25,0,0,0,0,0,0,0,0,333,2,81.3
30,240,Nick Vannett,SEA,TE,25,15,9,0,0,0,0,0,0,43,29,269,9.28,1,0,0,0,0,0,0,0,269,3,73.9
97,241,Kelvin Benjamin,2TM,WR,27,15,10,0,0,0,0,0,0,67,25,380,15.2,0,0,0,0,0,0,0,0,380,1,69
31,242,Jonnu Smith,TEN,TE,23,13,12,0,0,0,0,0,0,30,20,258,12.9,1,0,0,0,0,0,0,0,258,3,63.8
75,243,Jordan Wilkins,IND,RB,24,16,3,0,0,0,0,60,336,17,16,85,5.31,2,2,0,0,0,336,1,60,85,0,60.1
76,244,Chase Edmonds,ARI,RB,22,16,0,0,0,0,0,60,208,23,20,103,5.15,1,0,0,0,0,208,2,60,103,0,63.1
98,245,Jermaine Kearse,NYJ,WR,28,14,9,0,0,0,0,0,0,76,37,371,10.03,0,0,0,0,0,0,0,0,371,1,80.1
99,246,Geronimo Allison,GNB,WR,24,5,4,0,0,0,0,0,0,30,20,303,15.15,1,0,0,0,0,0,0,0,303,2,62.3
100,247,Allen Hurns,DAL,WR,27,16,7,0,0,0,0,0,0,35,20,295,14.75,1,0,0,0,0,0,0,0,295,2,61.5
101,248,Jordan Matthews,PHI,WR,26,14,3,0,0,0,0,0,0,28,20,300,15,0,0,0,0,0,0,0,0,300,2,62
32,249,Tyler Higbee,LAR,TE,25,16,16,0,0,0,0,0,0,34,24,292,12.17,1,0,0,0,0,0,0,0,292,2,65.2
41,250,Tyrod Taylor,CLE,QB,29,4,3,42,85,473,2,16,125,0,0,0,0,3,0,473,2,85,125,1,16,0,0,41.42
33,251,Jeff Heuerman,DEN,TE,26,11,10,0,0,0,0,0,0,48,31,281,9.06,0,0,0,0,0,0,0,0,281,2,71.1
102,252,Zach Pascal,IND,WR,24,16,4,0,0,0,0,2,10,46,27,268,9.93,0,0,0,0,0,10,0,2,268,2,66.8
34,253,Ricky Seals-Jones,ARI,TE,23,15,5,0,0,0,0,0,0,69,34,343,10.09,0,0,0,0,0,0,0,0,343,1,74.3
103,254,Ryan Grant,IND,WR,28,14,10,0,0,0,0,0,0,52,35,334,9.54,0,0,0,0,0,0,0,0,334,1,74.4
42,255,Cody Kessler,JAX,QB,25,5,4,85,131,709,2,19,123,0,0,0,0,5,3,709,2,131,123,0,19,0,0,38.66
104,256,Paul Richardson,WAS,WR,26,7,4,0,0,0,0,2,9,35,20,262,13.1,0,0,0,0,0,9,0,2,262,2,59.1
77,257,Jay Ajayi,PHI,RB,25,4,3,0,0,0,0,45,184,6,5,20,4,1,1,0,0,0,184,3,45,20,0,41.4
78,258,Kyle Juszczyk,SFO,RB,27,16,14,0,0,0,0,8,30,41,30,324,10.8,2,2,0,0,0,30,0,8,324,1,67.4
105,259,DeVante Parker,MIA,WR,25,11,7,0,0,0,0,0,0,47,24,309,12.88,0,0,0,0,0,0,0,0,309,1,60.9
106,260,Tim Patrick,DEN,WR,25,16,4,0,0,0,0,3,17,41,23,315,13.7,2,1,0,0,0,17,0,3,315,1,60.2
107,261,Terrelle Pryor,2TM,WR,29,8,1,0,0,0,0,1,-1,30,16,252,15.75,0,0,0,0,0,-1,0,1,252,2,53.1
79,262,Rex Burkhead,NWE,RB,28,8,4,0,0,0,0,57,186,20,14,131,9.36,2,1,0,0,0,186,0,57,131,1,49.7
108,263,Ted Ginn,NOR,WR,33,5,3,0,0,0,0,3,26,30,17,209,12.29,1,1,0,0,0,26,0,3,209,2,50.5
109,264,DaeSean Hamilton,DEN,WR,23,14,5,0,0,0,0,0,0,45,30,243,8.1,0,0,0,0,0,0,0,0,243,2,66.3
110,265,Laquon Treadwell,MIN,WR,23,15,7,0,0,0,0,0,0,53,35,302,8.63,0,0,0,0,0,0,0,0,302,1,71.2
111,266,Keke Coutee,HOU,WR,21,6,2,0,0,0,0,3,0,41,28,287,10.25,0,0,0,0,0,0,0,3,287,1,62.7
35,267,Jack Doyle,IND,TE,28,6,6,0,0,0,0,0,0,33,26,245,9.42,1,1,0,0,0,0,0,0,245,2,60.5
36,268,Rhett Ellison,NYG,TE,30,14,12,0,0,0,0,0,0,34,25,272,10.88,0,0,0,0,0,0,0,0,272,1,58.2
112,269,Pierre Garcon,SFO,WR,32,8,8,0,0,0,0,0,0,46,24,286,11.92,0,0,0,0,0,0,0,0,286,1,58.6
113,270,Isaiah McKenzie,2TM,WR,23,8,1,0,0,0,0,10,66,30,18,179,9.94,2,1,0,0,0,66,2,10,179,0,52.5
80,271,Malcolm Brown,LAR,RB,25,12,0,0,0,0,0,43,212,7,5,52,10.4,0,0,0,0,0,212,0,43,52,1,37.4
37,272,Demetrius Harris,KAN,TE,27,15,3,0,0,0,0,0,0,25,12,164,13.67,0,0,0,0,0,0,0,0,164,3,46.4
38,273,Ed Dickson,SEA,TE,31,10,1,0,0,0,0,1,9,13,12,143,11.92,0,0,0,0,0,9,0,1,143,3,45.2
43,274,Blaine Gabbert,TEN,QB,29,8,3,61,101,626,4,6,0,0,0,0,0,0,0,626,4,101,0,0,6,0,0,33.04
114,275,Keith Kirkwood,NOR,WR,25,8,1,0,0,0,0,0,0,21,13,209,16.08,0,0,0,0,0,0,0,0,209,2,45.9
81,276,Raheem Mostert,SFO,RB,26,9,0,0,0,0,0,34,261,7,6,25,4.17,1,1,0,0,0,261,1,34,25,0,38.6
115,277,Torrey Smith,CAR,WR,29,11,6,0,0,0,0,0,0,31,17,190,11.18,0,0,0,0,0,0,0,0,190,2,48
116,278,Equanimeous St. Brown,GNB,WR,22,12,7,0,0,0,0,1,5,36,21,328,15.62,0,0,0,0,0,5,0,1,328,0,54.3
117,279,Ryan Switzer,PIT,WR,24,16,1,0,0,0,0,6,21,44,36,253,7.03,2,0,0,0,0,21,0,6,253,1,69.4
118,280,Tavon Austin,DAL,WR,28,7,0,0,0,0,0,6,55,13,8,140,17.5,0,0,0,0,0,55,0,6,140,2,39.5
82,281,Trenton Cannon,NYJ,RB,24,16,0,0,0,0,0,38,113,25,17,144,8.47,0,0,0,0,0,113,1,38,144,0,48.7
39,282,Levine Toilolo,DET,TE,27,16,10,0,0,0,0,0,0,24,21,263,12.52,0,0,0,0,0,0,0,0,263,1,53.3
83,283,Jeff Wilson,SFO,RB,23,6,2,0,0,0,0,66,266,15,12,98,8.17,3,2,0,0,0,266,0,66,98,0,44.4
84,284,James Develin,NWE,RB,30,16,8,0,0,0,0,6,8,17,12,61,5.08,0,0,0,0,0,8,4,6,61,0,42.9
85,285,Wayne Gallman,NYG,RB,24,15,2,0,0,0,0,51,176,22,14,89,6.36,2,1,0,0,0,176,1,51,89,0,44.5
40,286,Ryan Griffin,HOU,TE,28,14,11,0,0,0,0,0,0,43,24,305,12.71,0,0,0,0,0,0,0,0,305,0,54.5
119,287,Maurice Harris,WAS,WR,26,12,7,0,0,0,0,2,10,47,28,304,10.86,1,0,0,0,0,10,0,2,304,0,59.4
44,288,Taysom Hill,NOR,QB,28,16,4,3,7,64,1,37,196,7,3,4,1.33,1,1,64,0,7,196,2,37,4,0,33.56
120,289,T.J. Jones,DET,WR,26,15,3,0,0,0,0,0,0,26,19,190,10,0,0,0,0,0,0,0,0,190,2,50
41,290,Matt LaCosse,DEN,TE,26,15,5,0,0,0,0,0,0,37,24,250,10.42,0,0,0,0,0,0,0,0,250,1,55
121,291,Russell Shepard,NYG,WR,28,12,0,0,0,0,0,0,0,19,10,188,18.8,0,0,0,0,0,0,0,0,188,2,40.8
45,292,Chase Daniel,CHI,QB,32,5,2,53,76,515,2,13,3,1,1,8,8,4,0,515,3,76,3,0,13,8,0,30.7
42,293,Darren Fells,CLE,TE,32,16,11,0,0,0,0,0,0,12,11,117,10.64,0,0,0,0,0,0,0,0,117,3,40.7
43,294,Geoff Swaim,DAL,TE,25,9,9,0,0,0,0,0,0,32,26,242,9.31,0,0,0,0,0,0,0,0,242,1,56.2
122,295,Trent Taylor,SFO,WR,24,14,0,0,0,0,0,0,0,41,26,215,8.27,1,0,0,0,0,0,0,0,215,1,53.5
86,296,Kalen Ballage,MIA,RB,23,12,0,0,0,0,0,36,191,11,9,56,6.22,1,1,0,0,0,191,1,36,56,0,37.7
123,297,Travis Benjamin,LAC,WR,29,12,3,0,0,0,0,7,41,24,12,186,15.5,0,0,0,0,0,41,0,7,186,1,40.7
124,298,Bruce Ellington,2TM,WR,27,7,3,0,1,0,0,1,2,42,31,224,7.23,1,0,0,0,1,2,0,1,224,1,59.6
44,299,Anthony Firkser,TEN,TE,23,12,0,0,0,0,0,0,0,20,19,225,11.84,0,0,0,0,0,0,0,0,225,1,47.5
45,300,Luke Stocker,TEN,TE,30,16,11,0,0,0,0,1,0,21,15,165,11,0,0,0,0,0,0,0,1,165,2,43.5
46,301,Jason Croom,BUF,TE,24,15,3,0,0,0,0,0,0,35,22,259,11.77,2,2,0,0,0,0,0,0,259,1,49.9
47,302,Will Dissly,SEA,TE,22,4,4,0,0,0,0,0,0,14,8,156,19.5,0,0,0,0,0,0,0,0,156,2,35.6
87,303,Marcus Murphy,BUF,RB,27,11,1,0,0,0,0,52,250,19,11,26,2.36,1,0,0,0,0,250,0,52,26,0,38.6
48,304,Michael Roberts,DET,TE,24,8,2,0,0,0,0,0,0,20,9,100,11.11,0,0,0,0,0,0,0,0,100,3,37
125,305,James Washington,PIT,WR,22,14,6,0,0,0,0,0,0,38,16,217,13.56,0,0,0,0,0,0,0,0,217,1,43.7
46,306,Kyle Allen,CAR,QB,22,2,1,20,31,266,0,5,19,0,0,0,0,0,0,266,2,31,19,1,5,0,0,26.54
126,307,Martavis Bryant,OAK,WR,27,8,2,0,0,0,0,3,23,27,19,266,14,1,1,0,0,0,23,0,3,266,0,45.9
49,308,Virgil Green,LAC,TE,30,16,16,0,0,0,0,0,0,27,19,210,11.05,0,0,0,0,0,0,0,0,210,1,46
47,309,Colt McCoy,WAS,QB,32,3,2,34,54,372,3,10,63,0,0,0,0,1,0,372,3,54,63,0,10,0,0,27.18
127,310,Chris Moore,BAL,WR,25,16,0,0,0,0,0,5,17,25,19,196,10.32,0,0,0,0,0,17,0,5,196,1,46.3
128,311,Trent Sherfield,ARI,WR,22,13,2,0,0,0,0,0,0,28,19,210,11.05,0,0,0,0,0,0,0,0,210,1,46
50,312,Erik Swoope,IND,TE,26,7,2,0,0,0,0,0,0,10,8,87,10.88,0,0,0,0,0,0,0,0,87,3,34.7
88,313,Brandon Bolden,MIA,RB,28,16,0,0,0,0,0,8,91,3,3,13,4.33,1,1,0,0,0,91,2,8,13,1,29.4
129,314,Bennie Fowler,NYG,WR,27,10,5,0,0,0,0,0,0,27,16,199,12.44,1,0,0,0,0,0,0,0,199,1,41.9
130,315,Brandon LaFell,OAK,WR,32,6,5,0,0,0,0,0,0,16,12,135,11.25,0,0,0,0,0,0,0,0,135,2,37.5
131,316,Andre Roberts,NYJ,WR,30,16,1,0,0,0,0,2,20,17,10,79,7.9,3,1,0,0,0,20,0,2,79,1,23.9
51,317,Mo Alie-Cox,IND,TE,25,9,1,0,0,0,0,0,0,13,7,133,19,0,0,0,0,0,0,0,0,133,2,32.3
132,318,Justin Hardy,ATL,WR,27,16,0,0,0,0,0,0,0,22,14,133,9.5,1,0,0,0,0,0,0,0,133,2,39.3
52,319,Josh Hill,NOR,TE,28,16,11,0,0,0,0,0,0,24,16,185,11.56,0,0,0,0,0,0,0,0,185,1,40.5
133,320,Cody Latimer,NYG,WR,26,6,2,0,0,0,0,0,0,16,11,190,17.27,0,0,0,0,0,0,0,0,190,1,36
53,321,Lee Smith,OAK,TE,31,16,4,0,0,0,0,0,0,11,10,73,7.3,0,0,0,0,0,0,0,0,73,3,35.3
89,322,Rod Smith,DAL,RB,26,16,1,0,0,0,0,44,127,12,9,60,6.67,0,0,0,0,0,127,1,44,60,0,33.7
134,323,Cody Core,CIN,WR,24,14,3,0,0,0,0,0,0,28,13,160,12.31,0,0,0,0,0,0,0,0,160,1,35
54,324,Tyler Eifert,CIN,TE,28,4,2,0,0,0,0,0,0,19,15,179,11.93,0,0,0,0,0,0,0,0,179,1,38.9
135,325,Chad Williams,ARI,WR,24,10,7,0,0,0,0,1,9,46,17,171,10.06,0,0,0,0,0,9,0,1,171,1,41
55,326,Jordan Akins,HOU,TE,26,16,6,0,0,0,0,0,0,25,17,225,13.24,0,0,0,0,0,0,0,0,225,0,39.5
136,327,Richie James,SFO,WR,23,13,2,0,0,0,0,0,0,14,9,130,14.44,2,1,0,0,0,0,0,0,130,1,26
56,328,Lance Kendricks,GNB,TE,30,16,3,0,0,0,0,0,0,25,19,170,8.95,0,0,0,0,0,0,0,0,170,1,42
137,329,Austin Carr,NOR,WR,25,14,2,0,0,0,0,0,0,14,9,97,10.78,0,0,0,0,0,0,0,0,97,2,30.7
57,330,Hayden Hurst,BAL,TE,25,12,0,0,0,0,0,1,0,23,13,163,12.54,0,0,0,0,0,0,0,1,163,1,35.3
58,331,Dan Arnold,NOR,TE,23,10,1,0,0,0,0,0,0,19,12,150,12.5,1,0,0,0,0,0,0,0,150,1,33
138,332,Marcell Ateman,OAK,WR,24,7,6,0,0,0,0,0,0,31,15,154,10.27,0,0,0,0,0,0,0,0,154,1,36.4
59,333,Nick Boyle,BAL,TE,25,16,13,0,0,0,0,0,0,37,23,213,9.26,0,0,0,0,0,0,0,0,213,0,44.3
60,334,Garrett Celek,SFO,TE,30,15,1,0,0,0,0,0,0,8,5,90,18,0,0,0,0,0,0,0,0,90,2,26
139,335,Marvin Hall,ATL,WR,25,16,0,0,0,0,0,2,0,19,10,149,14.9,0,0,0,0,0,0,0,2,149,1,30.9
48,336,Josh McCown,NYJ,QB,39,4,3,60,110,539,4,5,32,0,0,0,0,0,0,539,1,110,32,0,5,0,0,20.76
61,337,James O'Shaughnessy,JAX,TE,26,14,9,0,0,0,0,0,0,38,24,214,8.92,0,0,0,0,0,0,0,0,214,0,45.4
62,338,Maxx Williams,BAL,TE,24,13,6,0,0,0,0,3,8,17,16,143,8.94,0,0,0,0,0,8,0,3,143,1,37.1
140,339,Josh Bellamy,CHI,WR,29,16,2,0,0,0,0,0,0,25,14,117,8.36,0,0,0,0,0,0,0,0,117,1,31.7
141,340,DeAndre Carter,2TM,WR,25,14,4,0,0,0,0,1,7,25,22,216,9.82,5,1,0,0,0,7,0,1,216,0,42.3
142,341,Brandon Marshall,SEA,WR,34,7,2,0,0,0,0,0,0,23,11,136,12.36,0,0,0,0,0,0,0,0,136,1,30.6
143,342,Michael Floyd,WAS,WR,29,13,3,0,0,0,0,0,0,24,10,100,10,0,0,0,0,0,0,0,0,100,1,26
63,343,Mike Gesicki,MIA,TE,23,16,7,0,0,0,0,0,0,32,22,202,9.18,1,1,0,0,0,0,0,0,202,0,40.2
90,344,Andy Janovich,DEN,RB,25,16,7,0,0,0,0,2,5,10,8,112,14,0,0,0,0,0,5,0,2,112,1,25.7
91,345,Zach Line,NOR,RB,28,16,6,0,0,0,0,9,41,10,5,14,2.8,0,0,0,0,0,41,0,9,14,2,22.5
49,346,Matt Barkley,BUF,QB,28,1,1,15,25,232,0,3,-2,0,0,0,0,0,0,232,2,25,-2,0,3,0,0,17.08
144,347,Leonte Carroo,MIA,WR,24,9,0,0,0,0,0,1,14,4,2,94,47,0,0,0,0,0,14,0,1,94,1,18.8
145,348,Alex Erickson,CIN,WR,26,16,6,0,0,0,0,3,22,29,20,167,8.35,1,1,0,0,0,22,0,3,167,0,36.9
146,349,Darius Jennings,TEN,WR,26,16,0,1,1,21,0,1,2,15,11,101,9.18,0,0,21,0,1,2,0,1,101,0,22.14
64,350,Jordan Leggett,NYJ,TE,23,15,4,0,0,0,0,0,0,24,14,114,8.14,0,0,0,0,0,0,0,0,114,1,31.4
65,351,Charles Clay,BUF,TE,29,13,12,0,0,0,0,0,0,36,21,184,8.76,1,1,0,0,0,0,0,0,184,0,37.4
147,352,Andre Holmes,2TM,WR,30,15,3,0,0,0,0,0,0,24,13,162,12.46,0,0,0,0,0,0,0,0,162,0,29.2
148,353,Marcus Johnson,IND,WR,24,5,0,0,0,0,0,1,-2,8,6,102,17,0,0,0,0,0,-2,0,1,102,1,22
149,354,Jake Kumerow,GNB,WR,26,5,2,0,0,0,0,0,0,11,8,103,12.88,0,0,0,0,0,0,0,0,103,1,24.3
66,355,MyCole Pruitt,TEN,TE,26,15,1,0,0,0,0,0,0,11,9,102,11.33,0,0,0,0,0,0,0,0,102,1,25.2
92,356,Anthony Sherman,KAN,RB,30,16,1,0,0,0,0,1,2,9,8,96,12,0,0,0,0,0,2,0,1,96,1,23.8
150,357,Deonte Thompson,2TM,WR,29,13,6,0,0,0,0,0,0,30,17,161,9.47,0,0,0,0,0,0,0,0,161,0,33.1
151,358,DJ Chark,JAX,WR,22,11,0,0,0,0,0,0,0,32,14,174,12.43,1,1,0,0,0,0,0,0,174,0,29.4
93,359,Brian Hill,ATL,RB,23,10,0,0,0,0,0,20,157,2,1,9,9,1,1,0,0,0,157,0,20,9,0,15.6
152,360,Cameron Meredith,NOR,WR,26,6,1,0,0,0,0,0,0,10,9,114,12.67,1,1,0,0,0,0,0,0,114,1,24.4
94,361,Taquan Mizzell,CHI,RB,25,9,1,0,0,0,0,9,16,10,8,78,9.75,0,0,0,0,0,16,0,9,78,1,23.4
67,362,Nick O'Leary,MIA,TE,26,12,7,0,0,0,0,0,0,10,8,86,10.75,0,0,0,0,0,0,0,0,86,1,22.6
68,363,Logan Paulsen,ATL,TE,31,15,10,0,0,0,0,0,0,9,9,91,10.11,0,0,0,0,0,0,0,0,91,1,24.1
69,364,Austin Seferian-Jenkins,JAX,TE,26,5,5,0,0,0,0,0,0,19,11,90,8.18,0,0,0,0,0,0,0,0,90,1,26
70,365,Scott Simonson,NYG,TE,26,16,4,0,0,0,0,0,0,14,9,86,9.56,0,0,0,0,0,0,0,0,86,1,23.6
153,366,Vyncint Smith,HOU,WR,22,7,1,0,0,0,0,0,0,10,5,91,18.2,0,0,0,0,0,0,0,0,91,1,20.1
95,367,Dwayne Washington,NOR,RB,24,13,0,0,0,0,0,27,154,0,0,0,0,0,0,0,0,0,154,0,27,0,0,15.4
96,368,Alex Armah,CAR,RB,24,16,2,0,0,0,0,9,15,1,1,5,5,0,0,0,0,0,15,2,9,5,0,15
97,369,Cameron Artis-Payne,CAR,RB,28,9,0,0,0,0,0,19,69,4,3,15,5,0,0,0,0,0,69,1,19,15,0,17.4
154,370,Deontay Burnett,NYJ,WR,21,5,1,0,0,0,0,0,0,15,10,143,14.3,0,0,0,0,0,0,0,0,143,0,24.3
50,371,Taylor Heinicke,CAR,QB,25,6,1,35,57,320,3,5,31,0,0,0,0,1,0,320,1,57,31,0,5,0,0,13.9
155,372,Andy Jones,DET,WR,24,8,3,0,0,0,0,0,0,24,11,80,7.27,0,0,0,0,0,0,0,0,80,1,25
98,373,Ronald Jones,TAM,RB,21,9,0,0,0,0,0,23,44,9,7,33,4.71,0,0,0,0,0,44,1,23,33,0,20.7
156,374,Trey Quinn,WAS,WR,23,3,2,0,0,0,0,1,0,10,9,75,8.33,0,0,0,0,0,0,0,1,75,1,22.5
157,375,Damion Ratley,CLE,WR,23,13,3,0,0,0,0,0,0,20,13,144,11.08,0,0,0,0,0,0,0,0,144,0,27.4
71,376,Robert Tonyan,GNB,TE,24,16,1,0,0,0,0,0,0,6,4,77,19.25,0,0,0,0,0,0,0,0,77,1,17.7
51,377,Sam Bradford,ARI,QB,31,3,3,50,80,400,4,2,7,0,0,0,0,3,2,400,2,80,7,0,2,0,0,12.7
72,378,Derek Carrier,OAK,TE,28,16,2,0,0,0,0,0,0,12,7,67,9.57,0,0,0,0,0,0,0,0,67,1,19.7
73,379,Seth Devalve,CLE,TE,25,13,4,0,0,0,0,0,0,7,5,74,14.8,0,0,0,0,0,0,0,0,74,1,18.4
52,380,Nathan Peterman,BUF,QB,24,4,2,44,81,296,7,10,50,0,0,0,0,0,0,296,1,81,50,1,10,0,0,12.84
158,381,Brandon Powell,DET,WR,22,6,1,0,0,0,0,1,4,17,11,129,11.73,0,0,0,0,0,4,0,1,129,0,24.3
74,382,Adam Shaheen,CHI,TE,24,6,4,0,0,0,0,0,0,6,5,48,9.6,0,0,0,0,0,0,0,0,48,1,15.8
99,383,Darrel Williams,KAN,RB,23,6,0,0,0,0,0,13,44,3,3,27,9,0,0,0,0,0,44,0,13,27,1,16.1
159,384,Brice Butler,2TM,WR,28,8,1,0,0,0,0,0,0,10,6,60,10,0,0,0,0,0,0,0,0,60,1,18
100,385,Stevan Ridley,PIT,RB,29,10,0,0,0,0,0,29,80,4,3,18,6,2,2,0,0,0,80,1,29,18,0,14.8
75,386,Dalton Schultz,DAL,TE,22,11,7,0,0,0,0,0,0,17,12,116,9.67,0,0,0,0,0,0,0,0,116,0,23.6
76,387,A.J. Derby,MIA,TE,27,4,0,0,0,0,0,0,0,5,3,48,16,0,0,0,0,0,0,0,0,48,1,13.8
53,388,Mike Glennon,ARI,QB,29,2,0,15,21,174,0,0,0,0,0,0,0,0,0,174,1,21,0,0,0,0,0,10.96
101,389,Corey Grant,JAX,RB,27,5,1,0,0,0,0,13,40,12,9,67,7.44,0,0,0,0,0,40,0,13,67,0,19.7
160,390,Dwayne Harris,OAK,WR,31,15,1,0,0,0,0,2,12,6,6,40,6.67,2,0,0,0,0,12,0,2,40,0,11.2
161,391,Tommylee Lewis,NOR,WR,26,7,3,0,0,0,0,2,10,3,3,60,20,1,1,0,0,0,10,0,2,60,1,14
77,392,Chris Manhertz,CAR,TE,26,16,4,0,0,0,0,0,0,5,2,52,26,0,0,0,0,0,0,0,0,52,1,13.2
102,393,Keith Ford,BUF,RB,24,2,1,0,0,0,0,21,79,5,3,21,7,0,0,0,0,0,79,0,21,21,0,13
103,394,John Kelly,LAR,RB,22,4,0,0,0,0,0,27,74,3,2,27,13.5,0,0,0,0,0,74,0,27,27,0,12.1
78,395,Niles Paul,JAX,TE,29,6,1,0,0,0,0,1,-3,13,10,98,9.8,0,0,0,0,0,-3,0,1,98,0,19.5
162,396,Eli Rogers,PIT,WR,26,3,3,0,0,0,0,1,-4,14,12,79,6.58,1,0,0,0,0,-4,0,1,79,0,19.5
79,397,Jeremy Sprinkle,WAS,TE,24,16,9,0,0,0,0,0,0,9,5,41,8.2,0,0,0,0,0,0,0,0,41,1,15.1
163,398,De'Anthony Thomas,KAN,WR,25,5,0,0,0,0,0,1,6,5,3,29,9.67,1,0,0,0,0,6,0,1,29,1,12.5
80,399,Darren Waller,OAK,TE,26,4,0,0,0,0,0,1,21,6,6,75,12.5,0,0,0,0,0,21,0,1,75,0,15.6
104,400,DeAndre Washington,OAK,RB,25,10,0,0,0,0,0,30,115,1,1,9,9,1,1,0,0,0,115,0,30,9,0,11.4
105,401,Charcandrick West,KAN,RB,27,3,0,0,0,0,0,2,-1,3,2,37,18.5,0,0,0,0,0,-1,0,2,37,1,11.6
81,402,Jake Butt,DEN,TE,23,3,3,0,0,0,0,0,0,13,8,85,10.63,0,0,0,0,0,0,0,0,85,0,16.5
106,403,D'Onta Foreman,HOU,RB,22,1,0,0,0,0,0,7,-1,2,2,28,14,1,0,0,0,0,-1,0,7,28,1,10.7
107,404,Devonta Freeman,ATL,RB,26,2,2,0,0,0,0,14,68,7,5,23,4.6,0,0,0,0,0,68,0,14,23,0,14.1
108,405,C.J. Ham,MIN,RB,25,15,2,0,0,0,0,6,8,15,11,85,7.73,0,0,0,0,0,8,0,6,85,0,20.3
109,406,Dontrell Hilliard,CLE,RB,23,11,0,0,1,0,1,0,0,10,9,105,11.67,0,0,0,0,1,0,0,0,105,0,17.5
164,407,Kevin White,CHI,WR,26,9,0,0,0,0,0,0,0,8,4,92,23,0,0,0,0,0,0,0,0,92,0,13.2
82,408,Luke Willson,DET,TE,28,14,8,0,0,0,0,0,0,19,13,87,6.69,0,0,0,0,0,0,0,0,87,0,21.7
165,409,Cameron Batson,TEN,WR,23,11,2,0,0,0,0,1,1,11,8,82,10.25,1,0,0,0,0,1,0,1,82,0,16.3
166,410,Corey Coleman,NYG,WR,24,8,1,0,0,0,0,1,5,8,5,71,14.2,0,0,0,0,0,5,0,1,71,0,12.6
83,411,Tyler Conklin,MIN,TE,23,16,3,0,0,0,0,0,0,7,5,77,15.4,0,0,0,0,0,0,0,0,77,0,12.7
84,412,Matt Lengel,CIN,TE,28,11,2,0,0,0,0,0,0,8,3,17,5.67,0,0,0,0,0,0,0,0,17,1,10.7
110,413,Elijhaa Penny,NYG,RB,25,14,3,0,0,0,0,7,25,9,8,50,6.25,0,0,0,0,0,25,0,7,50,0,15.5
85,414,Logan Thomas,BUF,TE,27,12,3,1,1,15,0,0,0,17,12,77,6.42,0,0,15,0,1,0,0,0,77,0,20.3
111,415,Mark Walton,CIN,RB,21,14,0,0,0,0,0,14,34,8,5,41,8.2,0,0,0,0,0,34,0,14,41,0,12.5
54,416,Derek Anderson,BUF,QB,35,2,2,42,70,465,4,1,-1,0,0,0,0,3,2,465,0,70,-1,0,1,0,0,6.5
112,417,Kenjon Barner,2TM,RB,28,9,0,0,0,0,0,19,71,1,1,3,3,1,0,0,0,0,71,0,19,3,0,8.4
86,418,Blake Bell,JAX,TE,27,10,4,0,0,0,0,0,0,11,8,67,8.38,0,0,0,0,0,0,0,0,67,0,14.7
55,419,Teddy Bridgewater,NOR,QB,26,5,1,14,23,118,1,11,5,0,0,0,0,0,0,118,1,23,5,0,11,0,0,7.22
113,420,Patrick DiMarco,BUF,RB,29,16,5,0,0,0,0,1,9,4,3,62,20.67,0,0,0,0,0,9,0,1,62,0,10.1
87,421,Jermaine Gresham,ARI,TE,30,13,11,0,0,0,0,0,0,12,9,94,10.44,1,1,0,0,0,0,0,0,94,0,16.4
88,422,Xavier Grimble,PIT,TE,26,16,2,0,0,0,0,0,0,8,6,86,14.33,1,1,0,0,0,0,0,0,86,0,12.6
114,423,Detrez Newsome,LAC,RB,24,9,0,0,0,0,0,11,49,2,2,19,9.5,0,0,0,0,0,49,0,11,19,0,8.8
89,424,Joshua Perkins,PHI,TE,25,9,1,0,0,0,0,0,0,11,5,67,13.4,0,0,0,0,0,0,0,0,67,0,11.7
90,425,Eric Tomlinson,NYJ,TE,26,15,12,0,0,0,0,0,0,14,8,72,9,0,0,0,0,0,0,0,0,72,0,15.2
167,426,Russell Gage,ATL,WR,22,15,0,0,0,0,0,0,0,10,6,63,10.5,0,0,0,0,0,0,0,0,63,0,12.3
91,427,David Grinnage,JAX,TE,24,4,2,0,0,0,0,0,0,8,6,61,10.17,0,0,0,0,0,0,0,0,61,0,12.1
92,428,Ryan Hewitt,IND,TE,27,12,2,0,0,0,0,0,0,2,1,1,1,0,0,0,0,0,0,0,0,1,1,7.1
168,429,JJ Nelson,ARI,WR,26,14,2,0,0,0,0,4,0,19,7,64,9.14,0,0,0,0,0,0,0,4,64,0,13.4
115,430,Bradley Sowell,CHI,RB,29,16,1,0,0,0,0,0,0,2,1,2,2,0,0,0,0,0,0,0,0,2,1,7.2
169,431,Derrick Willies,CLE,WR,24,5,0,0,0,0,0,0,0,5,3,61,20.33,1,0,0,0,0,0,0,0,61,0,9.1
170,432,Kamar Aiken,PHI,WR,29,5,1,0,0,0,0,0,0,7,6,53,8.83,0,0,0,0,0,0,0,0,53,0,11.3
93,433,Antony Auclair,TAM,TE,25,16,10,0,0,0,0,0,0,8,7,48,6.86,0,0,0,0,0,0,0,0,48,0,11.8
116,434,Mike Boone,MIN,RB,23,8,0,0,0,0,0,11,47,3,2,1,0.5,0,0,0,0,0,47,0,11,1,0,6.8
171,435,Noah Brown,DAL,WR,22,8,2,0,0,0,0,0,0,8,5,54,10.8,0,0,0,0,0,0,0,0,54,0,10.4
94,436,Rico Gathers,DAL,TE,24,15,4,0,0,0,0,0,0,7,3,45,15,0,0,0,0,0,0,0,0,45,0,7.5
172,437,Shelton Gibson,PHI,WR,23,15,0,0,0,0,0,0,0,3,1,48,48,0,0,0,0,0,0,0,0,48,0,5.8
95,438,Jacob Hollister,NWE,TE,25,8,1,0,0,0,0,0,0,5,4,52,13,0,0,0,0,0,0,0,0,52,0,9.2
56,439,DeShone Kizer,GNB,QB,22,3,0,20,42,187,2,5,39,0,0,0,0,1,1,187,0,42,39,0,5,0,0,5.38
96,440,Eric Saubert,ATL,TE,24,16,1,0,0,0,0,0,0,9,5,48,9.6,0,0,0,0,0,0,0,0,48,0,9.8
97,441,Durham Smythe,MIA,TE,23,15,2,0,0,0,0,0,0,11,6,50,8.33,0,0,0,0,0,0,0,0,50,0,11
98,442,Neal Sterling,NYJ,TE,26,5,4,0,0,0,0,0,0,8,6,47,7.83,0,0,0,0,0,0,0,0,47,0,10.7
57,443,Nate Sudfeld,PHI,QB,25,2,0,1,2,22,0,2,-2,0,0,0,0,0,0,22,1,2,-2,0,2,0,0,4.68
117,444,Roc Thomas,MIN,RB,23,5,0,0,0,0,0,8,30,4,2,21,10.5,0,0,0,0,0,30,0,8,21,0,7.1
99,445,Delanie Walker,TEN,TE,34,1,1,0,0,0,0,0,0,7,4,52,13,0,0,0,0,0,0,0,0,52,0,9.2
173,446,Bobo Wilson,TAM,WR,23,5,0,0,0,0,0,0,0,5,4,52,13,0,0,0,0,0,0,0,0,52,0,9.2
174,447,Chad Beebe,MIN,WR,24,3,0,0,0,0,0,0,0,4,4,39,9.75,0,0,0,0,0,0,0,0,39,0,7.9
118,448,Tommy Bohanon,JAX,RB,28,16,6,0,0,0,0,1,0,9,6,41,6.83,0,0,0,0,0,0,0,1,41,0,10.1
100,449,Ben Braunecker,CHI,TE,24,15,2,0,0,0,0,0,0,5,3,42,14,0,0,0,0,0,0,0,0,42,0,7.2
175,450,Jawill Davis,NYG,WR,23,7,0,0,0,0,0,0,0,8,4,40,10,0,0,0,0,0,0,0,0,40,0,8
119,451,Tyler Ervin,HOU,RB,25,9,0,0,0,0,0,0,0,3,3,35,11.67,1,0,0,0,0,0,0,0,35,0,6.5
101,452,Jordan Franks,CIN,TE,22,6,0,0,0,0,0,0,0,3,2,37,18.5,0,0,0,0,0,0,0,0,37,0,5.7
176,453,Rashad Greene,JAX,WR,26,8,1,0,0,0,0,0,0,8,6,60,10,2,1,0,0,0,0,0,0,60,0,10
102,454,Tyler Kroft,CIN,TE,26,5,2,0,0,0,0,0,0,6,4,36,9,0,0,0,0,0,0,0,0,36,0,7.6
103,455,Marcedes Lewis,GNB,TE,34,16,4,0,0,0,0,0,0,4,3,39,13,0,0,0,0,0,0,0,0,39,0,6.9
120,456,T.J. Logan,ARI,RB,24,10,0,0,0,0,0,2,2,7,7,37,5.29,0,0,0,0,0,2,0,2,37,0,10.9
121,457,Tre Madden,SEA,RB,25,14,3,0,0,0,0,3,3,3,2,35,17.5,0,0,0,0,0,3,0,3,35,0,5.8
122,458,Byron Marshall,WAS,RB,24,6,0,0,0,0,0,3,9,6,4,30,7.5,0,0,0,0,0,9,0,3,30,0,7.9
104,459,David Morgan,MIN,TE,25,11,6,0,0,0,0,0,0,6,5,36,7.2,0,0,0,0,0,0,0,0,36,0,8.6
123,460,Roosevelt Nix,PIT,RB,26,16,0,0,0,0,0,1,4,6,4,38,9.5,0,0,0,0,0,4,0,1,38,0,8.2
124,461,Samaje Perine,WAS,RB,23,5,0,0,0,0,0,8,32,4,3,5,1.67,0,0,0,0,0,32,0,8,5,0,6.7
105,462,John Phillips,ARI,TE,31,8,4,0,0,0,0,0,0,3,3,38,12.67,0,0,0,0,0,0,0,0,38,0,6.8
177,463,Auden Tate,CIN,WR,21,7,0,0,0,0,0,0,0,12,4,35,8.75,0,0,0,0,0,0,0,0,35,0,7.5
178,464,Jalen Tolliver,ARI,WR,23,3,1,0,0,0,0,0,0,6,3,37,12.33,0,0,0,0,0,0,0,0,37,0,6.7
125,465,David Williams,JAX,RB,24,6,0,0,0,0,0,8,36,0,0,0,0,0,0,0,0,0,36,0,8,0,0,3.6
106,466,Dwayne Allen,NWE,TE,28,13,8,0,0,0,0,0,0,4,3,27,9,0,0,0,0,0,0,0,0,27,0,5.7
126,467,Benny Cunningham,CHI,RB,28,15,0,0,0,0,0,11,20,2,1,9,9,0,0,0,0,0,20,0,11,9,0,3.9
127,468,Mike Gillislee,NOR,RB,28,4,0,0,0,0,0,16,43,1,1,9,9,1,1,0,0,0,43,0,16,9,0,4.2
128,469,Jeremy Hill,NWE,RB,26,1,0,0,0,0,0,4,25,1,1,6,6,0,0,0,0,0,25,0,4,6,0,4.1
129,470,Jeremy Langford,ATL,RB,27,1,0,0,0,0,0,9,25,0,0,0,0,0,0,0,0,0,25,0,9,0,0,2.5
107,471,Brian Parker,DEN,TE,26,13,1,0,0,0,0,0,0,10,5,33,6.6,0,0,0,0,0,0,0,0,33,0,8.3
179,472,Charone Peake,NYJ,WR,26,13,0,0,0,0,0,0,0,3,2,25,12.5,0,0,0,0,0,0,0,0,25,0,4.5
130,473,Shaun Wilson,TAM,RB,23,5,0,0,0,0,0,6,29,5,3,5,1.67,0,0,0,0,0,29,0,6,5,0,6.4
180,474,Javon Wims,CHI,WR,24,4,0,0,0,0,0,0,0,5,4,32,8,0,0,0,0,0,0,0,0,32,0,7.2
131,475,Nick Bellore,DET,RB,29,14,4,0,0,0,0,1,0,4,4,15,3.75,0,0,0,0,0,0,0,1,15,0,5.5
132,476,Travaris Cadet,CAR,RB,29,1,0,0,0,0,0,11,17,1,1,5,5,0,0,0,0,0,17,0,11,5,0,3.2
58,477,Matt Cassel,DET,QB,36,2,0,7,17,59,1,2,13,0,0,0,0,0,0,59,0,17,13,0,2,0,0,1.66
108,478,Orson Charles,CLE,TE,27,13,2,0,0,0,0,0,0,5,3,23,7.67,0,0,0,0,0,0,0,0,23,0,5.3
133,479,Derrick Coleman,ARI,RB,28,16,4,0,0,0,0,2,3,3,2,17,8.5,0,0,0,0,0,3,0,2,17,0,4
181,480,River Cracraft,DEN,WR,24,8,0,0,0,0,0,0,0,2,1,44,44,1,1,0,0,0,0,0,0,44,0,3.4
109,481,Sean Culkin,LAC,TE,25,13,10,0,0,0,0,0,0,1,1,24,24,0,0,0,0,0,0,0,0,24,0,3.4
134,482,Justin Davis,LAR,RB,23,11,0,0,0,0,0,2,19,0,0,0,0,0,0,0,0,0,19,0,2,0,0,1.9
182,483,Gehrig Dieter,KAN,WR,25,4,0,0,0,0,0,0,0,3,1,22,22,0,0,0,0,0,0,0,0,22,0,3.2
135,484,David Fluellen,TEN,RB,26,7,0,0,0,0,0,4,16,0,0,0,0,0,0,0,0,0,16,0,4,0,0,1.6
59,485,Garrett Gilbert,CAR,QB,27,1,0,2,3,40,0,0,0,0,0,0,0,0,0,40,0,3,0,0,0,0,0,1.6
183,486,KhaDarel Hodge,LAR,WR,23,14,0,0,0,0,0,0,0,3,2,17,8.5,0,0,0,0,0,0,0,0,17,0,3.7
184,487,Justin Hunter,PIT,WR,27,5,0,0,0,0,0,0,0,13,3,21,7,0,0,0,0,0,0,0,0,21,0,5.1
136,488,Darius Jackson,2TM,RB,25,4,0,0,0,0,0,6,16,1,0,0,0,0,0,0,0,0,16,0,6,0,0,1.6
185,489,Rishard Matthews,2TM,WR,29,8,0,0,0,0,0,0,0,9,5,24,4.8,0,0,0,0,0,0,0,0,24,0,7.4
186,490,Ray-Ray McCloud,BUF,WR,22,10,1,0,0,0,0,2,4,6,5,36,7.2,2,1,0,0,0,4,0,2,36,0,7
137,491,C.J. Prosise,SEA,RB,24,5,0,0,0,0,0,1,-3,3,3,22,7.33,0,0,0,0,0,-3,0,1,22,0,4.9
187,492,Brian Quick,WAS,WR,29,6,3,0,0,0,0,0,0,3,3,18,6,0,0,0,0,0,0,0,0,18,0,4.8
138,493,Keith Smith,OAK,RB,26,16,3,0,0,0,0,1,0,6,5,23,4.6,0,0,0,0,0,0,0,1,23,0,7.3
139,494,Jonathan Stewart,NYG,RB,31,3,0,0,0,0,0,6,17,0,0,0,0,0,0,0,0,0,17,0,6,0,0,1.7
110,495,Tyrone Swoopes,SEA,TE,24,1,1,0,0,0,0,0,0,1,1,23,23,0,0,0,0,0,0,0,0,23,0,3.3
140,496,De'Lance Turner,BAL,RB,23,4,0,0,0,0,0,1,4,2,2,17,8.5,0,0,0,0,0,4,0,1,17,0,4.1
188,497,Malik Turner,SEA,WR,22,6,0,0,0,0,0,0,0,3,2,20,10,0,0,0,0,0,0,0,0,20,0,4
141,498,Brandon Wilds,JAX,RB,25,3,0,0,0,0,0,6,15,0,0,0,0,0,0,0,0,0,15,0,6,0,0,1.5
189,499,Nick Williams,2TM,WR,28,4,0,0,0,0,0,0,0,5,2,17,8.5,0,0,0,0,0,0,0,0,17,0,3.7
190,500,Terrance Williams,DAL,WR,29,3,2,0,0,0,0,0,0,3,2,18,9,0,0,0,0,0,0,0,0,18,0,3.8
191,501,Brandon Zylstra,MIN,WR,25,16,0,0,0,0,0,0,0,2,1,23,23,0,0,0,0,0,0,0,0,23,0,3.3
142,502,Ameer Abdullah,2TM,RB,25,10,0,0,0,0,0,1,1,4,3,28,9.33,1,1,0,0,0,1,0,1,28,0,3.9
192,503,Victor Bolden,2TM,WR,23,6,0,0,0,0,0,0,0,4,1,10,10,0,0,0,0,0,0,0,0,10,0,2
143,504,Michael Burton,CHI,RB,26,8,1,0,0,0,0,0,0,1,1,6,6,0,0,0,0,0,0,0,0,6,0,1.6
193,505,Damiere Byrd,CAR,WR,25,8,0,0,0,0,0,0,0,2,1,8,8,0,0,0,0,0,0,0,0,8,0,1.8
144,506,Jamaal Charles,JAX,RB,32,2,0,0,0,0,0,6,7,3,2,7,3.5,0,0,0,0,0,7,0,6,7,0,3.4
194,507,Sammie Coates,HOU,WR,25,12,0,0,0,0,0,0,0,2,1,12,12,0,0,0,0,0,0,0,0,12,0,2.2
111,508,Alan Cross,TAM,TE,25,14,3,0,0,0,0,0,0,5,2,9,4.5,0,0,0,0,0,0,0,0,9,0,2.9
60,509,Joshua Dobbs,PIT,QB,23,5,0,6,12,43,1,4,11,0,0,0,0,0,0,43,0,12,11,0,4,0,0,0.82
112,510,Ross Dwelley,SFO,TE,23,11,0,0,0,0,0,0,0,2,2,14,7,0,0,0,0,0,0,0,0,14,0,3.4
113,511,Matt Flanagan,WAS,TE,23,3,1,0,0,0,0,0,0,1,1,14,14,0,0,0,0,0,0,0,0,14,0,2.4
61,512,Robert Griffin,BAL,QB,28,3,0,2,6,21,0,0,0,0,0,0,0,0,0,21,0,6,0,0,0,0,0,0.84
195,513,Justin Hardee,NOR,WR,24,16,0,0,0,0,0,0,0,1,1,10,10,0,0,0,0,0,0,0,0,10,0,2
196,514,Keon Hatcher,OAK,WR,24,3,0,0,0,0,0,0,0,2,1,8,8,0,0,0,0,0,0,0,0,8,0,1.8
62,515,Chad Henne,KAN,QB,33,1,0,2,3,29,0,1,3,0,0,0,0,0,0,29,0,3,3,0,1,0,0,1.46
145,516,Robert Kelley,WAS,RB,26,2,0,0,0,0,0,4,8,0,0,0,0,0,0,0,0,0,8,0,4,0,0,0.8
197,517,Marcus Kemp,KAN,WR,23,16,0,0,0,0,0,0,0,2,1,7,7,0,0,0,0,0,0,0,0,7,0,1.7
198,518,Jeremy Kerley,BUF,WR,30,1,1,0,0,0,0,0,0,4,2,7,3.5,0,0,0,0,0,0,0,0,7,0,2.7
199,519,Darvin Kidsy,WAS,WR,23,2,0,0,0,0,0,0,0,2,1,8,8,0,0,0,0,0,0,0,0,8,0,1.8
200,520,Allen Lazard,GNB,WR,23,1,0,0,0,0,0,0,0,1,1,7,7,0,0,0,0,0,0,0,0,7,0,1.7
114,521,Khari Lee,BUF,TE,26,2,0,0,0,0,0,0,0,1,1,5,5,0,0,0,0,0,0,0,0,5,0,1.5
201,522,Josh Malone,CIN,WR,22,9,0,0,0,0,0,0,0,5,1,12,12,0,0,0,0,0,0,0,0,12,0,2.2
146,523,J.D. McKissic,SEA,RB,25,5,0,0,0,0,0,3,8,1,0,0,0,0,0,0,0,0,8,0,3,0,0,0.8
147,524,Jeremy McNichols,2TM,RB,23,2,0,0,0,0,0,4,8,0,0,0,0,0,0,0,0,0,8,0,4,0,0,0.8
148,525,Christine Michael,IND,RB,28,1,0,0,0,0,0,2,9,0,0,0,0,0,0,0,0,0,9,0,2,0,0,0.9
115,526,Johnny Mundt,LAR,TE,24,10,0,0,0,0,0,0,0,1,1,5,5,0,0,0,0,0,0,0,0,5,0,1.5
149,527,Jamize Olawale,DAL,RB,29,16,4,0,0,0,0,0,0,4,2,13,6.5,0,0,0,0,0,0,0,0,13,0,3.3
150,528,Ricky Ortiz,ATL,RB,24,12,9,0,0,0,0,0,0,4,3,11,3.67,0,0,0,0,0,0,0,0,11,0,4.1
202,529,Cam Phillips,BUF,WR,23,2,0,0,0,0,0,0,0,1,1,9,9,0,0,0,0,0,0,0,0,9,0,1.9
116,530,Richard Rodgers,PHI,TE,26,7,0,0,0,0,0,0,0,1,1,7,7,0,0,0,0,0,0,0,0,7,0,1.7
117,531,Dion Sims,CHI,TE,27,8,4,0,0,0,0,0,0,4,2,9,4.5,0,0,0,0,0,0,0,0,9,0,2.9
118,532,Hakeem Valles,DET,TE,26,3,0,0,0,0,0,0,0,3,2,11,5.5,0,0,0,0,0,0,0,0,11,0,3.1
203,533,Justin Watson,TAM,WR,23,12,0,0,0,0,0,0,0,3,1,5,5,0,0,0,0,0,0,0,0,5,0,1.5
151,534,Derek Watt,LAC,RB,26,16,5,0,0,0,0,4,11,1,1,2,2,0,0,0,0,0,11,0,4,2,0,2.3
63,535,Joe Webb,HOU,QB,32,16,0,0,0,0,0,0,0,3,2,13,6.5,0,0,0,0,0,0,0,0,13,0,3.3
204,536,Tim White,BAL,WR,24,3,0,0,0,0,0,0,0,1,1,14,14,1,0,0,0,0,0,0,0,14,0,2.4
2,537,Saeed Blacknall,OAK,0,22,1,0,0,0,0,0,0,0,0,0,0,0,0,0,0,0,0,0,0,0,0,0,0
3,538,Daniel Brown,CHI,0,26,14,0,0,0,0,0,0,0,0,0,0,0,0,0,0,0,0,0,0,0,0,0,0
4,539,Deante Burton,2TM,0,24,3,0,0,0,0,0,0,0,0,0,0,0,0,0,0,0,0,0,0,0,0,0,0
205,540,Jehu Chesson,WAS,WR,25,12,0,0,0,0,0,1,-4,2,1,7,7,0,0,0,0,0,-4,0,1,7,0,1.3
5,541,Lavon Coleman,GNB,0,24,1,0,0,0,0,0,0,0,0,0,0,0,0,0,0,0,0,0,0,0,0,0,0
6,542,Stacy Coley,2TM,0,24,3,0,0,0,0,0,0,0,1,0,0,0,1,0,0,0,0,0,0,0,0,0,0
7,543,Pharoh Cooper,2TM,0,23,7,0,0,0,0,0,0,0,1,0,0,0,1,0,0,0,0,0,0,0,0,0,0
8,544,Jerome Cunningham,DET,0,27,3,0,0,0,0,0,0,0,1,0,0,0,0,0,0,0,0,0,0,0,0,0,0
9,545,Darrell Daniels,2TM,0,24,11,3,0,0,0,0,0,0,2,0,0,0,0,0,0,0,0,0,0,0,0,0,0
10,546,Geremy Davis,LAC,0,26,14,0,0,0,0,0,0,0,1,0,0,0,0,0,0,0,0,0,0,0,0,0,0
11,547,Trevor Davis,GNB,0,25,2,0,0,0,0,0,0,0,0,0,0,0,0,0,0,0,0,0,0,0,0,0,0
12,548,Dalyn Dawkins,TEN,0,24,2,0,0,0,0,0,0,0,0,0,0,0,0,0,0,0,0,0,0,0,0,0,0
13,549,Matthew Dayes,SFO,0,24,7,0,0,0,0,0,0,0,0,0,0,0,0,0,0,0,0,0,0,0,0,0,0
14,550,Garrett Dickerson,NYG,0,23,4,0,0,0,0,0,0,0,0,0,0,0,0,0,0,0,0,0,0,0,0,0,0
15,551,Quinton Dunbar,WAS,0,26,7,6,0,0,0,0,0,0,0,0,0,0,0,0,0,0,0,0,0,0,0,0,0
16,552,Steven Dunbar,SFO,0,23,1,0,0,0,0,0,0,0,0,0,0,0,0,0,0,0,0,0,0,0,0,0,0
17,553,Malachi Dupre,ARI,0,23,1,0,0,0,0,0,0,0,0,0,0,0,0,0,0,0,0,0,0,0,0,0,0
18,554,Trey Edmunds,PIT,0,24,4,0,0,0,0,0,0,0,0,0,0,0,0,0,0,0,0,0,0,0,0,0,0
19,555,Alex Ellis,KAN,0,25,2,0,0,0,0,0,0,0,0,0,0,0,0,0,0,0,0,0,0,0,0,0,0
20,556,Donnie Ernsberger,TAM,0,22,2,0,0,0,0,0,0,0,0,0,0,0,0,0,0,0,0,0,0,0,0,0,0
21,557,Isaiah Ford,MIA,0,22,1,0,0,0,0,0,0,0,1,0,0,0,0,0,0,0,0,0,0,0,0,0,0
22,558,Daurice Fountain,IND,0,23,1,0,0,0,0,0,0,0,0,0,0,0,0,0,0,0,0,0,0,0,0,0,0
23,559,Mose Frazier,CAR,0,25,1,0,0,0,0,0,0,0,0,0,0,0,0,0,0,0,0,0,0,0,0,0,0
24,560,Rico Gafford,OAK,0,22,1,0,0,0,0,0,0,0,0,0,0,0,0,0,0,0,0,0,0,0,0,0,0
25,561,C.J. Goodwin,DAL,0,28,3,0,0,0,0,0,0,0,0,0,0,0,0,0,0,0,0,0,0,0,0,0,0
26,562,Janarion Grant,BAL,0,25,2,0,0,0,0,0,0,0,0,0,0,0,2,0,0,0,0,0,0,0,0,0,0
27,563,Garrett Griffin,NOR,0,24,0,0,0,0,0,0,0,0,0,0,0,0,0,0,0,0,0,0,0,0,0,0,0
28,564,Clark Harris,CIN,0,34,16,0,0,0,0,0,0,0,0,0,0,0,0,0,0,0,0,0,0,0,0,0,0
29,565,Temarrick Hemingway,DEN,0,25,5,0,0,0,0,0,0,0,0,0,0,0,0,0,0,0,0,0,0,0,0,0,0
152,566,De'Angelo Henderson,NYJ,RB,26,3,0,0,0,0,0,2,19,0,0,0,0,1,1,0,0,0,19,0,2,0,0,-0.1
30,567,Quadree Henderson,NYG,0,22,5,0,0,0,0,0,0,0,0,0,0,0,0,0,0,0,0,0,0,0,0,0,0
31,568,Hunter Henry,LAC,0,24,0,0,0,0,0,0,0,0,0,0,0,0,0,0,0,0,0,0,0,0,0,0,0
206,569,Darrius Heyward-Bey,PIT,WR,31,14,2,0,0,0,0,1,-7,2,1,9,9,0,0,0,0,0,-7,0,1,9,0,1.2
32,570,Gabe Holmes,ARI,0,27,8,4,0,0,0,0,0,0,0,0,0,0,0,0,0,0,0,0,0,0,0,0,0
33,571,Johnny Holton,OAK,0,27,1,0,0,0,0,0,0,0,1,0,0,0,0,0,0,0,0,0,0,0,0,0,0
34,572,Buddy Howell,HOU,0,22,4,0,0,0,0,0,0,0,0,0,0,0,0,0,0,0,0,0,0,0,0,0,0
35,573,Buddy Howell,HOU,0,22,15,0,0,0,0,0,0,0,0,0,0,0,0,0,0,0,0,0,0,0,0,0,0
64,574,Chad Kelly,DEN,QB,24,1,0,0,0,0,0,1,-1,0,0,0,0,0,0,0,0,0,-1,0,1,0,0,-0.1
36,575,Ben Koyack,JAX,0,25,7,2,0,0,0,0,0,0,0,0,0,0,0,0,0,0,0,0,0,0,0,0,0
37,576,Chris Lacy,DET,0,22,1,0,0,0,0,0,0,0,1,0,0,0,0,0,0,0,0,0,0,0,0,0,0
38,577,Lance Lenoir,DAL,0,23,7,0,0,0,0,0,0,0,0,0,0,0,0,0,0,0,0,0,0,0,0,0,0
39,578,Tony Lippett,NYG,0,26,3,0,0,0,0,0,0,0,0,0,0,0,0,0,0,0,0,0,0,0,0,0,0
65,579,Sean Mannion,LAR,QB,26,3,0,2,3,23,0,7,-9,0,0,0,0,0,0,23,0,3,-9,0,7,0,0,0.02
40,580,Bradley Marquez,DET,0,26,1,0,0,0,0,0,0,0,0,0,0,0,0,0,0,0,0,0,0,0,0,0,0
41,581,Freddie Martino,TAM,0,27,4,0,0,0,0,0,0,0,1,0,0,0,0,0,0,0,0,0,0,0,0,0,0
66,582,A.J. McCarron,OAK,QB,28,2,0,1,3,8,0,3,-2,0,0,0,0,1,0,8,0,3,-2,0,3,0,0,0.12
42,583,Max McCaffrey,SFO,0,24,1,0,0,0,0,0,0,0,0,0,0,0,0,0,0,0,0,0,0,0,0,0,0
43,584,Tanner McEvoy,MIA,0,25,2,0,0,0,0,0,0,0,0,0,0,0,0,0,0,0,0,0,0,0,0,0,0
44,585,Jaydon Mickens,JAX,0,24,6,0,0,0,0,0,0,0,0,0,0,0,1,0,0,0,0,0,0,0,0,0,0
45,586,Steven Mitchell,HOU,0,24,1,0,0,0,0,0,0,0,0,0,0,0,0,0,0,0,0,0,0,0,0,0,0
46,587,Dare Ogunbowale,TAM,0,24,2,0,0,0,0,0,0,0,0,0,0,0,0,0,0,0,0,0,0,0,0,0,0
47,588,Senorise Perry,MIA,0,27,16,0,0,0,0,0,0,0,0,0,0,0,0,0,0,0,0,0,0,0,0,0,0
48,589,Thomas Rawls,CIN,0,25,1,0,0,0,0,0,0,0,0,0,0,0,0,0,0,0,0,0,0,0,0,0,0
49,590,Keenan Reynolds,SEA,0,25,2,0,0,0,0,0,0,0,0,0,0,0,0,0,0,0,0,0,0,0,0,0,0
50,591,Cooper Rush,DAL,0,25,1,0,0,0,0,0,0,0,0,0,0,0,0,0,0,0,0,0,0,0,0,0,0
51,592,Alonzo Russell,NYG,0,26,1,0,0,0,0,0,0,0,0,0,0,0,0,0,0,0,0,0,0,0,0,0,0
67,593,Mark Sanchez,WAS,QB,32,2,1,19,35,138,3,1,8,0,0,0,0,1,0,138,0,35,8,0,1,0,0,0.32
68,594,Matt Schaub,ATL,QB,37,3,0,5,7,20,0,1,0,1,1,-7,-7,1,0,20,0,7,0,0,1,-7,0,1.1
52,595,Mason Schreck,CIN,0,25,6,0,0,0,0,0,0,0,0,0,0,0,0,0,0,0,0,0,0,0,0,0,0
53,596,Boston Scott,PHI,0,23,2,0,0,0,0,0,0,0,0,0,0,0,0,0,0,0,0,0,0,0,0,0,0
54,597,Da'Mari Scott,BUF,0,23,3,0,0,0,0,0,0,0,0,0,0,0,0,0,0,0,0,0,0,0,0,0,0
55,598,Cam Sims,WAS,0,22,1,0,0,0,0,0,0,0,0,0,0,0,0,0,0,0,0,0,0,0,0,0,0
56,599,Matthew Slater,NWE,0,33,16,0,0,0,0,0,0,0,0,0,0,0,0,0,0,0,0,0,0,0,0,0,0
57,600,Nate Solder,NYG,0,30,16,16,0,0,0,0,0,0,0,0,0,0,0,0,0,0,0,0,0,0,0,0,0
58,601,Brandon Tate,NOR,0,31,1,0,0,0,0,0,0,0,0,0,0,0,1,0,0,0,0,0,0,0,0,0,0
59,602,Mike Thomas,LAR,0,24,1,0,0,0,0,0,0,0,0,0,0,0,0,0,0,0,0,0,0,0,0,0,0
153,603,Danny Vitale,GNB,RB,25,5,0,0,0,0,0,0,0,2,1,2,2,0,0,0,0,0,0,0,0,2,0,1.2
60,604,Clive Walford,NYJ,0,27,1,1,0,0,0,0,0,0,0,0,0,0,0,0,0,0,0,0,0,0,0,0,0
61,605,Mike Wallace,PHI,0,32,2,2,0,0,0,0,0,0,3,0,0,0,0,0,0,0,0,0,0,0,0,0,0
69,606,Brandon Weeden,HOU,QB,35,1,0,0,0,0,0,1,-1,0,0,0,0,0,0,0,0,0,-1,0,1,0,0,-0.1
62,607,Markus Wheaton,PHI,0,27,1,0,0,0,0,0,0,0,0,0,0,0,0,0,0,0,0,0,0,0,0,0,0
63,608,Cole Wick,SFO,0,25,5,0,0,0,0,0,0,0,1,0,0,0,0,0,0,0,0,0,0,0,0,0,0
154,609,Jonathan Williams,NOR,RB,24,3,0,0,0,0,0,3,0,1,1,1,1,0,0,0,0,0,0,0,3,1,0,1.1
64,610,Deon Yelder,KAN,0,23,3,0,0,0,0,0,0,0,0,0,0,0,0,0,0,0,0,0,0,0,0,0,0
70,611,Jacoby Brissett,IND,QB,26,4,0,2,4,2,0,7,-7,0,0,0,0,0,0,2,0,4,-7,0,7,0,0,-0.62
71,612,Brian Hoyer,NWE,QB,33,5,0,1,2,7,0,11,-8,0,0,0,0,0,0,7,0,2,-8,0,11,0,0,-0.52
207,613,J'Mon Moore,GNB,WR,23,12,0,0,0,0,0,0,0,3,2,15,7.5,1,1,0,0,0,0,0,0,15,0,1.5
72,614,Geno Smith,LAC,QB,28,5,0,1,4,8,0,8,2,0,0,0,0,1,1,8,0,4,2,0,8,0,0,-1.48
208,615,Rod Streater,CLE,WR,30,3,0,0,0,0,0,1,-11,0,0,0,0,0,0,0,0,0,-11,0,1,0,0,-1.1
155,616,Robert Turbin,IND,RB,29,2,0,0,0,0,0,4,10,2,1,3,3,1,1,0,0,0,10,0,4,3,0,0.3
65,617,Kaelin Clay,NYG,0,26,2,0,0,0,0,0,0,0,0,0,0,0,1,1,0,0,0,0,0,0,0,0,-2
209,618,JJ Jones,2TM,WR,26,4,0,0,0,0,0,1,0,1,1,3,3,2,1,0,0,0,0,0,1,3,0,-0.7
73,619,Kyle Lauletta,NYG,QB,23,2,0,0,5,0,1,1,-2,0,0,0,0,0,0,0,0,5,-2,0,1,0,0,-2.2
66,620,Riley McCarron,NWE,0,25,1,0,0,0,0,0,0,0,1,0,0,0,1,1,0,0,0,0,0,0,0,0,-2
67,621,Jojo Natson,LAR,0,24,13,0,0,0,0,0,0,0,0,0,0,0,2,1,0,0,0,0,0,0,0,0,-2